# Alias OBJ Model File
# Exported from SketchUp, (c) 2000-2012 Trimble Navigation Limited
# File units = meters

mtllib AnonMask.mtl

g Mesh1 Model

usemtl None
v 0.118775 0.344174 -0.0751305
vt -4.90615 0.724458
vn -0.0197192 0.971534 -0.236077
v 0.124611 0.342891 -0.0808957
vt -5.15401 0.511328
v 0.100106 0.346399 -0.064413
vt -4.1386 1.09429
f 1/1/1 2/2/1 3/3/1

vt 5.51096 10.8802
vn 0.474331 -0.625649 0.619333
v 0.129648 0.340384 -0.0872871
vt 6.14183 10.6889
vt 5.83138 10.8155
f 1/4/2 4/5/2 2/6/2

vt 5.48044 1.81325
vn -0.00605468 -0.936214 0.351377
vt 4.99792 2.26242
vn 0.0531289 -0.958126 0.281374
v 0.114867 0.342257 -0.0801379
vt 4.86889 2.03531
vn 0.04224 -0.950054 0.309215
f 4/7/3 1/8/4 5/9/5

vt 5.20645 2.51752
v 0.101869 0.343925 -0.0721356
vt 4.53115 2.48665
vn 0.0352398 -0.967337 0.251032
vt 5.09903 2.27943
f 1/10/4 6/11/6 5/12/5

vt 5.25029 1.13313
v 0.105125 0.345262 -0.0665182
vt 4.64711 1.33755
vn 0.0184124 -0.975012 0.22139
vt 4.57589 1.08648
f 1/13/4 7/14/7 6/15/6

vt 5.51683 8.54991
vn 0.391388 0.755918 0.524788
vt 4.67541 8.68374
vt 4.88334 8.61537
f 1/16/8 3/17/8 7/18/8

v 0.091316 0.342255 -0.0644055
vt 4.15056 10.9418
vn 0.236327 -0.499812 0.833269
vt 4.69628 11.0785
vt 4.48358 11.1302
f 8/19/9 7/20/9 3/21/9

vt -2.68215 8.79005
vn 0.151658 -0.930571 -0.333223
vt -2.22179 8.46669
vn 0.203271 -0.900518 -0.384379
v 0.0910434 0.344445 -0.0706432
vt -2.1103 8.70211
vn 0.177165 -0.926204 -0.332805
f 7/22/10 8/23/11 9/24/12

vt -1.7493 8.96092
v 0.0697708 0.340473 -0.0726008
vt -0.857111 8.78056
vn 0.228708 -0.883333 -0.409165
vt -1.61228 9.18245
f 8/25/11 10/26/13 9/27/12

vt -2.00754 10.6274
v 0.0702841 0.337298 -0.0668188
vt -1.23001 10.2694
vn 0.253023 -0.838339 -0.482873
vt -1.10645 10.4987
f 8/28/11 11/29/14 10/30/13

vt 2.10594 13.3546
vn -0.202535 0.431227 0.879217
vt 2.93416 13.5709
vt 3.27134 13.7518
f 11/31/15 8/32/15 3/33/15

vt 3.13251 9.27692
vn 0.140712 -0.623501 0.769056
vt 4.27886 9.72611
vn 0.125154 -0.623516 0.771728
v 0.0761581 0.341159 -0.0647629
vt 3.3489 9.4675
vn 0.137081 -0.630237 0.764206
f 11/34/16 3/35/17 12/36/18

vt 3.38729 8.99066
vt 4.31414 9.26019
v 0.0916756 0.351212 -0.0588565
vt 3.94993 9.50774
vn 0.129791 -0.643545 0.754324
f 12/37/18 3/38/17 13/39/19

vt 4.28779 13.8197
vn 0.560515 0.026208 0.82773
vt 4.68528 13.6302
vt 5.84796 13.492
f 13/40/20 3/41/20 2/42/20

vt 4.25603 11.1365
vn 0.249743 -0.482907 0.839303
vt 5.80025 10.7404
vn 0.357123 -0.562191 0.745926
v 0.126079 0.35266 -0.0742362
vt 5.73916 11.2054
vn 0.36667 -0.520357 0.771221
f 13/43/21 2/44/22 14/45/23

vt 5.51773 12.8664
vn 0.626787 -0.502667 0.595369
vt 5.67074 12.423
vn 0.636198 -0.49758 0.589631
v 0.144632 0.332937 -0.110899
vt 7.07291 11.9712
vn 0.602778 -0.534393 0.592522
f 14/46/24 2/47/25 15/48/26

vt 5.23351 12.7044
vn 0.844335 0.200019 0.497083
v 0.139 0.332847 -0.101295
vt 6.21303 12.3008
vn 0.850067 0.10149 0.516803
vt 6.65133 12.3045
vn 0.856159 0.083738 0.509883
f 2/49/27 16/50/28 15/51/29

vt -5.77785 12.2531
vn -0.584841 0.484067 -0.650876
vt -6.09355 12.1403
vt -6.73603 11.8012
f 2/52/30 4/53/30 16/54/30

vt 4.69947 1.37575
vn -0.10844 -0.912082 0.395407
vt 4.43231 2.05132
v 0.123951 0.339295 -0.0905499
vt 4.18915 1.95372
vn -0.0664822 -0.93027 0.360801
f 16/55/31 4/56/3 17/57/32

vt 5.30838 0.889191
vt 4.71005 1.14475
vt 5.09251 0.74069
f 4/58/3 5/59/5 17/60/32

v 0.120275 0.344933 -0.0854902
vt -5.68463 13.6216
vn -0.728938 0.128299 -0.672449
vt -5.92915 13.3977
vt -5.38536 13.5153
f 18/61/33 17/62/33 5/63/33

v 0.133312 0.332388 -0.10472
vt -6.25222 12.826
vn -0.846297 -0.0657283 -0.52864
vt -5.58402 13.099
vn -0.850458 -0.0890999 -0.518442
vt -5.33862 13.3219
vn -0.846883 -0.0725665 -0.526804
f 19/64/34 17/65/35 18/66/36

vt 3.63197 -0.246923
vt 3.23554 0.414374
vt 3.37422 -0.293988
vn -0.140566 -0.92339 0.357199
f 16/67/31 17/68/32 19/69/37

v 0.13298 0.328836 -0.0914282
vt 1.44668 10.1473
vn -0.249206 0.937149 0.244228
vt 1.36031 10.6211
vn -0.224402 0.942839 0.246369
vt 1.10397 10.5669
f 20/70/38 16/71/39 19/72/38

vt 6.36788 12.6853
vt 5.91329 12.526
vn 0.821411 0.132073 0.554834
v 0.134438 0.32603 -0.0929188
vt 5.99405 12.4146
vn 0.844917 0.105556 0.524379
f 16/73/28 20/74/40 21/75/41

vt 6.20366 12.9205
vn 0.73096 0.0173948 0.682198
v 0.121298 0.326468 -0.0788506
vt 5.52784 12.8273
vn 0.730777 0.0439734 0.681199
vt 6.28573 12.81
vn 0.736998 0.0297792 0.675239
f 20/76/42 22/77/43 21/78/44

vt -0.812625 7.47067
vn -0.136676 0.990264 0.0264007
vt -1.06896 8.1029
vn -0.133791 0.989075 0.0618877
v 0.127814 0.328397 -0.0955891
vt -1.30304 7.98578
vn -0.157181 0.986176 0.0524487
f 22/79/45 20/80/46 23/81/47

vt 0.768666 10.6013
vt 0.385148 10.9841
vt 0.511225 10.5541
vn -0.273847 0.930848 0.241928
f 20/82/38 19/83/38 23/84/48

v 0.129142 0.325475 -0.0969018
vt -5.99863 12.444
vn -0.842927 -0.116516 -0.52526
vt -5.92659 12.5599
vn -0.824277 -0.126789 -0.551809
vt -6.34574 12.7183
f 24/85/49 23/86/50 19/87/34

vt -6.25464 12.7776
vn -0.735273 -0.0536735 -0.675643
v 0.117192 0.325941 -0.0840379
vt -5.5634 12.796
vn -0.732577 -0.0537495 -0.678558
vt -6.18119 12.8927
vn -0.732885 -0.0277485 -0.679786
f 24/88/51 25/89/52 23/90/53

vt -6.25307 12.6822
v 0.117499 0.317891 -0.0834216
vt -5.55221 12.3826
vn -0.736275 -0.0666233 -0.673394
vt -5.56182 12.7006
f 24/91/51 26/92/54 25/93/52

vt -5.53876 12.4317
vt -6.23984 12.7308
v 0.131723 0.319731 -0.0992976
vt -6.37797 12.5043
vn -0.740628 -0.0535189 -0.669781
f 26/94/54 24/95/51 27/96/55

vt -6.03601 12.0211
vn -0.842483 -0.16472 -0.512923
vt -5.90259 12.2504
v 0.140596 0.32793 -0.116504
vt -6.7963 12.3484
vn -0.853309 -0.0555769 -0.518435
f 27/97/56 24/98/49 28/99/57

vt -6.76813 12.7497
vt -5.8743 12.6529
vt -6.2228 12.9255
f 28/100/57 24/101/49 19/102/34

v 0.139506 0.334743 -0.114727
vt -6.73075 13.1816
vn -0.849342 -0.0185027 -0.527518
vt -6.81283 12.9134
vt -6.26741 13.0889
f 29/103/58 28/104/57 19/105/34

v 0.144744 0.331842 -0.123307
vt -7.11231 13.0631
vn -0.853635 -0.000679581 -0.520871
vt -6.79861 12.909
vt -6.71653 13.1773
f 30/106/59 28/107/57 29/108/58

vt 2.12023 12.204
vn -0.24089 0.897568 0.369248
v 0.144345 0.33158 -0.122931
vt 2.11518 12.1806
vt 2.1298 11.8547
f 30/109/60 31/110/60 28/111/60

vt 7.28912 12.8623
vn 0.753341 -0.327137 0.57049
vt 7.31042 12.8732
vt 6.91662 12.9941
f 31/112/61 30/113/61 29/114/61

v 0.148646 0.331353 -0.127733
vt -7.65608 13.0296
vn -0.731365 0.161183 -0.662665
vt -7.4023 13.0386
vt -7.42383 13.0491
f 32/115/62 31/116/62 30/117/62

vt -7.63617 11.7886
vn -0.704083 -0.357301 -0.61368
vt -7.0947 11.6443
vt -7.38242 11.7981
f 32/118/63 28/119/63 31/120/63

vt -7.56533 12.6233
vn -0.777632 -0.163072 -0.607203
v 0.155334 0.327017 -0.135134
vt -7.95707 12.4503
vt -7.02187 12.4867
f 32/121/64 33/122/64 28/123/64

vt -7.77107 7.94864
vn -0.306092 0.674598 -0.671733
vt -7.41061 8.17985
v 0.148967 0.336099 -0.123112
vt -7.34668 8.43301
f 33/124/65 32/125/65 34/126/65

vt -7.6826 10.9841
vn -0.595832 0.568772 -0.566995
vt -7.0643 11.149
vn -0.59615 0.562611 -0.572777
vt -7.5605 11.2149
vn -0.603946 0.544644 -0.581904
f 32/127/66 29/128/67 34/129/68

vt -7.6717 11.3462
vt -7.41799 11.3569
vn -0.608798 0.550415 -0.571321
vt -7.0521 11.5061
f 32/130/66 31/131/69 29/132/67

vt -7.56635 11.4895
vt -7.0699 11.4256
vt -5.71776 11.906
vn -0.614055 0.523004 -0.591103
f 34/133/68 29/134/67 18/135/70

vt -6.75661 13.034
vt -6.2933 12.9411
vt -5.37906 13.4358
f 29/136/58 19/137/34 18/138/36

vt -7.55197 11.9538
vt -5.6998 12.3542
v 0.122417 0.355543 -0.0789546
vt -5.57095 12.835
vn -0.630783 0.495266 -0.597348
f 34/139/68 18/140/70 35/141/71

vt -5.72343 11.6144
vn -0.411285 0.536789 -0.736683
vt -5.77524 11.1193
v 0.0980941 0.348942 -0.0701857
vt -4.71903 11.3063
f 35/142/72 18/143/72 36/144/72

vt -5.8095 13.4759
vn -0.578501 -0.12182 -0.806534
vt -4.91421 13.4359
vt -4.7487 13.6349
f 18/145/73 6/146/73 36/147/73

vt -5.80913 12.2098
vn -0.510651 -0.442437 -0.737215
vt -5.5141 12.0923
vt -4.91404 12.1655
f 18/148/74 5/149/74 6/150/74

vt -4.17194 12.5436
vn -0.0783579 0.221735 -0.971954
vt -4.32885 12.3377
vn -0.117778 0.281539 -0.952294
vt -3.89866 12.359
f 36/151/75 6/152/76 9/153/75

vt 3.98305 0.486539
vt 3.42032 0.352036
vn -0.0136205 -0.970928 0.238983
vt 3.84249 0.266641
f 7/154/7 9/155/77 6/156/6

v 0.0750443 0.345181 -0.0698985
vt -3.05961 12.9898
vn -0.0385053 0.160708 -0.986251
vt -3.96683 13.1398
vt -3.69016 12.9604
f 37/157/78 36/158/75 9/159/75

v 0.0902116 0.354666 -0.0643091
vt -3.88196 9.56434
vn -0.112657 0.631992 -0.766743
vt -4.22263 9.27353
vt -3.32316 9.0825
f 38/160/79 36/161/79 37/162/79

vt -5.68103 12.953
vn -0.38757 0.405241 -0.827991
vt -4.66717 12.6777
vn -0.398173 0.330258 -0.855797
vt -4.2882 12.9164
vn -0.257507 0.433621 -0.863518
f 35/163/80 36/164/81 38/165/82

v 0.111162 0.378067 -0.060118
vt -4.96783 12.9456
vn -0.325107 0.440902 -0.836607
vt -5.68473 11.9362
vt -4.29198 11.8969
f 39/166/83 35/167/80 38/168/82

v 0.139592 0.37653 -0.0829553
vt -6.34253 14.2468
vn -0.593168 0.258056 -0.7626
vt -5.71232 13.3707
vn -0.579621 0.332541 -0.743947
vt -4.907 14.311
vn -0.593904 0.270847 -0.757575
f 40/169/84 35/170/85 39/171/86

v 0.163171 0.351689 -0.132054
vt -8.08918 13.0892
vn -0.733476 0.357441 -0.578142
vt -5.45503 13.2598
vn -0.714404 0.395794 -0.577039
vt -6.00447 14.1887
vn -0.757127 0.335637 -0.560452
f 41/172/87 35/173/88 40/174/89

vt -8.07316 13.6447
vt -7.44885 12.9939
vn -0.730841 0.320109 -0.602829
vt -5.43841 13.8057
f 41/175/87 34/176/90 35/177/88

vt -8.12163 13.646
vt -8.01423 12.6253
vn -0.725172 0.307269 -0.616207
vt -7.49121 13.001
f 41/178/87 33/179/91 34/180/90

v 0.165577 0.331483 -0.153971
vt -8.21717 13.4571
vn -0.874444 0.248782 -0.41648
vt -7.37515 13.2714
vt -7.39256 14.2976
vn -0.861559 0.322602 -0.391975
f 42/181/92 33/182/92 41/183/93

v 0.171334 0.308915 -0.174481
vt -9.15387 12.4949
vn -0.881893 0.173415 -0.438397
vt -7.48634 13.2186
vt -8.32992 13.3971
f 43/184/94 33/185/92 42/186/92

vt -6.62495 10.6851
vn -0.919437 -0.321994 -0.225735
vt -8.27954 9.93231
vn -0.913322 -0.339313 -0.225186
v 0.160722 0.306643 -0.128014
vt -6.40329 9.83783
f 33/187/95 43/188/96 44/189/96

vt -8.28924 9.61708
v 0.173614 0.287481 -0.149661
vt -7.3623 8.71389
vn -0.9069 -0.356518 -0.22456
vt -6.41305 9.52134
f 43/190/96 45/191/97 44/192/96

vt -7.18925 10.9768
vn -0.986337 -0.14325 -0.0813499
v 0.178808 0.269169 -0.195111
vt -8.01484 9.39148
vn -0.989537 -0.11791 -0.0831485
vt -6.21761 10.1219
vn -0.991205 -0.113898 -0.0673794
f 43/193/98 46/194/99 45/195/100

v 0.182178 0.275819 -0.231393
vt -9.8774 10.0087
vn -0.985413 -0.125828 -0.11458
vt -8.44321 9.74474
vt -7.60242 11.3221
f 47/196/101 46/197/99 43/198/98

v 0.17824 0.218391 -0.231741
vt -9.65553 9.00806
vn -0.985251 0.114351 -0.127299
vt -8.21981 11.0119
vn -0.990646 0.102049 -0.0905928
vt -9.65427 11.2744
vn -0.994445 0.0686796 -0.0797654
f 48/199/102 46/200/103 47/201/104

vt -10.0814 9.20013
v 0.17464 0.21951 -0.207364
vt -9.11128 9.24452
vn -0.972544 0.171888 -0.156886
vt -8.65933 11.2137
f 48/202/102 49/203/105 46/204/103

v 0.170376 0.168472 -0.231961
vt -10.0516 7.36108
vn -0.947545 0.202081 -0.247631
vt -9.12036 9.39487
vt -10.0905 9.35027
f 50/205/106 49/206/105 48/207/102

vt -10.544 7.32831
v 0.161265 0.188098 -0.181859
vt -8.54529 8.11689
vn -0.933908 0.277091 -0.225914
vt -9.65071 9.37908
f 50/208/106 51/209/107 49/210/105

vt -10.6416 7.41182
v 0.151304 0.140336 -0.193238
vt -8.96809 6.26536
vn -0.900556 0.275774 -0.336077
vt -8.64736 8.21151
f 50/211/106 52/212/108 51/213/107

v 0.15929 0.132817 -0.221292
vt -10.2692 5.73635
vn -0.912836 0.246114 -0.325819
vt -9.1223 6.0381
vt -10.8075 7.16729
f 53/214/109 52/215/108 50/216/106

v 0.141866 0.102801 -0.201384
vt -9.38223 4.5945
vn -0.883339 0.300241 -0.359955
vt -9.21193 6.14227
vt -10.3566 5.83223
f 54/217/110 52/218/108 53/219/109

vt -9.50976 4.43348
v 0.123103 0.0897304 -0.169212
vt -8.05265 3.89352
vn -0.842963 0.386792 -0.373906
vt -9.36666 5.984
f 54/220/110 55/221/111 52/222/108

vt -9.30379 4.87122
vn -0.823538 0.493455 -0.2798
v 0.107518 0.0645353 -0.167775
vt -7.61592 3.13911
vn -0.800017 0.490708 -0.345221
vt -7.86689 4.27957
f 54/223/112 56/224/113 55/225/111

v 0.147704 0.100643 -0.199022
vt -5.33539 8.46603
vn 0.0393512 -0.636041 -0.770651
vt -3.8298 6.52424
vn -0.0423057 -0.684471 -0.727811
vt -5.10038 8.58208
vn 0.0916549 -0.623666 -0.776299
f 57/226/114 56/227/115 54/228/116

vt -6.14081 7.86733
v 0.112843 0.0613447 -0.165389
vt -4.71366 5.86883
vn -0.0854328 -0.684194 -0.724278
vt -4.50817 6.03108
f 57/229/114 58/230/117 56/231/115

v 0.128681 0.087069 -0.166747
vt 7.84132 4.31218
vn 0.843025 -0.3865 0.374067
vt 7.59102 3.14826
vn 0.798153 -0.493951 0.344911
vt 9.28487 4.92636
vn 0.824332 -0.492811 0.278592
f 59/232/118 58/233/119 57/234/120

vt 8.1002 3.85985
v 0.102253 0.0685791 -0.133942
vt 6.48791 3.03459
vn 0.802125 -0.467692 0.371295
vt 7.78539 2.71169
f 59/235/118 60/236/121 58/237/119

v 0.142272 0.130105 -0.160502
vt 8.27657 5.388
vn 0.865008 -0.309357 0.395042
vt 6.58147 2.82483
vt 8.22074 3.59512
f 61/238/122 60/239/121 59/240/118

vt 7.80451 6.00899
vn 0.883674 -0.394573 0.251857
v 0.123903 0.120978 -0.120682
vt 6.08647 5.61145
vn 0.850341 -0.416991 0.320997
vt 6.30068 3.32912
f 61/241/123 62/242/124 60/243/121

v 0.158513 0.176868 -0.147106
vt 7.55667 7.94167
vn 0.919456 -0.31766 0.231718
vt 6.11786 5.55204
vt 7.83758 5.94227
f 63/244/125 62/245/124 61/246/123

v 0.149521 0.187459 -0.130679
vt 7.62114 7.5829
vn 0.781867 -0.233057 0.578245
vt 6.71034 4.90091
vn 0.789914 -0.218213 0.573079
vt 8.35252 7.15563
f 64/247/126 62/248/127 63/249/126

vt 7.69757 7.26651
vn 0.418663 -0.0395101 0.907282
v 0.12901 0.153341 -0.12111
vt 6.81152 5.91996
vn 0.457108 -0.0254545 0.889047
vt 6.63063 4.64272
vn 0.514987 -0.0699836 0.854336
f 64/250/128 65/251/129 62/252/130

vt 6.55291 6.08142
vt 7.44359 7.42492
v 0.141594 0.193427 -0.127382
vt 7.10561 7.65991
vn 0.36839 -0.0240593 0.92936
f 65/253/129 64/254/128 66/255/131

vt 7.28606 7.17281
v 0.151778 0.212224 -0.129719
vt 7.35675 8.15001
vn 0.339514 -0.0672926 0.938191
vt 6.94843 7.40829
f 64/256/128 67/257/132 66/258/131

vt 7.75261 8.22482
vn 0.513582 -0.0799049 0.854312
vt 7.69593 7.2467
v 0.168785 0.229615 -0.138316
vt 8.50087 8.91171
f 67/259/133 64/260/133 68/261/133

vt 8.3486 9.26048
vn 0.773577 -0.247829 0.583231
vt 7.65191 7.54736
vt 8.38145 7.11696
f 68/262/134 64/263/126 63/264/126

v 0.179894 0.233413 -0.170837
vt 8.53342 10.0343
vn 0.937963 -0.262973 0.225987
vt 7.1809 9.88065
vn 0.898334 -0.230174 0.374186
vt 7.39044 7.74714
f 69/265/135 68/266/136 63/267/125

v 0.182182 0.261621 -0.152819
vt 7.86622 11.259
vn 0.908974 -0.220052 0.354039
vt 7.16495 9.95505
vt 8.51735 10.1098
f 70/268/137 68/269/136 69/270/135

vt 8.50566 10.839
v 0.161775 0.270954 -0.105647
vt 6.48327 11.2126
vn 0.83822 -0.215829 0.500805
vt 7.76398 9.55759
f 70/271/137 71/272/138 68/273/136

vt 6.34311 10.6502
vn 0.897998 0.0836756 0.43197
vt 8.36663 10.2828
vn 0.918087 0.00409118 0.396359
v 0.179991 0.28852 -0.148023
vt 8.15909 11.3418
vn 0.908064 0.0587224 0.414696
f 71/274/139 70/275/140 72/276/141

vt 6.44162 10.9109
vn 0.991166 0.112905 0.069582
vt 6.63745 9.84966
vn 0.993843 0.0649256 0.0897845
v 0.18545 0.269248 -0.194515
vt 8.28395 10.1506
vn 0.989506 0.117387 0.0842481
f 72/277/142 70/278/143 73/279/144

vt 6.41431 11.0241
vn 0.99159 -0.116464 0.0564299
vt 7.1174 9.90598
vn 0.991727 -0.109335 0.0672518
vt 8.06054 11.3264
vn 0.991868 -0.10664 0.0694669
f 70/280/145 69/281/146 73/282/147

vt 7.26091 9.80896
v 0.181152 0.218447 -0.206408
vt 8.6609 9.21665
vn 0.978012 -0.15174 0.143065
vt 8.20742 11.2272
f 69/283/146 74/284/148 73/285/147

vt 7.7576 10.4829
v 0.167524 0.1863 -0.180448
vt 8.05453 8.55084
vn 0.933713 -0.276673 0.227227
vt 9.14833 9.86915
f 69/286/135 75/287/149 74/288/148

vt 7.90363 10.4386
vt 6.83161 8.11732
vt 8.18695 8.5045
f 69/289/135 63/290/125 75/291/149

vt 8.05236 8.79029
vt 6.70025 8.392
vt 7.12062 6.41721
f 75/292/149 63/293/125 61/294/123

vt 9.07246 7.98556
vt 7.96923 5.68718
v 0.157325 0.138533 -0.191035
vt 9.30621 6.03187
vn 0.900491 -0.275588 0.336403
f 75/295/149 61/296/122 76/297/150

vt 9.25813 6.14788
vt 7.92284 5.79669
vt 7.9574 4.00327
f 76/298/150 61/299/122 59/300/118

vt 9.38591 5.98953
vt 8.05473 3.86369
vt 9.51988 4.42441
vn 0.883235 -0.300208 0.360239
f 76/301/150 59/302/118 57/303/151

v 0.165407 0.131261 -0.219161
vt 10.3611 5.85094
vn 0.912852 -0.245959 0.325892
vt 9.21239 6.15081
vt 9.3745 4.58835
f 77/304/152 76/305/150 57/306/151

v 0.176671 0.16708 -0.230277
vt 10.8267 7.16121
vn 0.947512 -0.202055 0.24778
vt 9.11847 6.0156
vt 10.2692 5.72379
f 78/307/153 76/308/150 77/309/152

vt 8.6633 8.20818
vt 8.9514 6.26176
vt 10.6476 7.42503
f 75/310/149 76/311/150 78/312/153

vt 9.68053 9.38699
vt 8.55523 8.09547
vt 10.5439 7.32334
f 74/313/148 75/314/149 78/315/153

v 0.184805 0.217591 -0.230894
vt 10.0961 9.36363
vn 0.982238 -0.112116 0.150459
vt 9.12141 9.39775
vt 10.0231 7.35057
f 79/316/154 74/317/148 78/318/153

v 0.188774 0.275595 -0.230438
vt 10.084 11.2358
vn 0.990084 -0.085028 0.111821
vt 9.10361 8.98053
vt 10.0783 8.94674
f 80/319/155 74/320/148 79/321/154

vt 9.59932 11.4766
vt 8.17924 11.2254
vt 8.63358 9.21508
f 80/322/155 73/323/147 74/324/148

v 0.177836 0.309431 -0.173099
vt 7.57113 11.3051
vn 0.986296 0.143511 0.0813894
vt 8.44304 9.71032
vt 9.863 9.96224
vn 0.985486 0.126255 0.11348
f 81/325/156 73/326/144 80/327/157

vt 6.1736 10.1218
vt 8.01244 9.35308
vt 7.1554 10.9559
f 72/328/142 73/329/144 81/330/156

v 0.166527 0.308513 -0.125347
vt 6.35059 9.46912
vn 0.909858 0.350395 0.222219
vt 7.34367 8.6257
vn 0.906578 0.359172 0.221611
vt 8.28255 9.50786
f 82/331/158 72/332/159 81/333/158

vt 6.51312 10.1543
vt 8.3274 10.8503
vt 7.29302 11.6425
vn 0.885256 0.123226 0.448484
f 71/334/139 72/335/141 82/336/160

vt 7.43465 11.5751
v 0.150347 0.295038 -0.0910443
vt 5.94314 11.0398
vn 0.875153 0.133241 0.465139
vt 6.66195 10.0831
f 82/337/160 83/338/161 71/339/139

vt 6.3446 9.21632
vn 0.733161 0.439891 0.518624
vt 7.81503 9.80706
vn 0.757642 0.395009 0.519564
v 0.139673 0.310326 -0.0889213
vt 6.03367 9.88653
vn 0.749146 0.393706 0.532707
f 83/340/162 82/341/163 84/342/164

vt 6.04551 10.6157
vt 7.82701 10.5397
v 0.150959 0.324107 -0.11347
vt 7.09018 11.1942
vn 0.769148 0.372164 0.519525
f 84/343/164 82/344/163 85/345/165

vt 6.96053 10.6713
vt 7.6842 10.0023
v 0.161175 0.32712 -0.131941
vt 7.78996 10.8006
vn 0.774053 0.397319 0.492929
f 85/346/165 82/347/163 86/348/166

vt 6.34851 9.63954
vt 8.28047 9.67801
vt 6.55073 10.419
vn 0.913058 0.341587 0.222807
f 82/349/158 81/350/158 86/351/167

v 0.171763 0.330526 -0.151692
vt 8.36176 13.4207
vn 0.86812 -0.265 0.419694
vt 7.47985 13.2841
vt 9.22272 12.5746
vn 0.878403 -0.191494 0.43788
f 87/352/168 86/353/168 81/354/169

v 0.169058 0.350107 -0.129378
vt 7.4345 14.2815
vn 0.852767 -0.336959 0.399057
vt 7.39434 13.3203
vt 8.27533 13.4627
f 88/355/170 86/356/168 87/357/168

v 0.153256 0.332873 -0.119206
vt 7.4528 12.9637
vn 0.686579 -0.426523 0.588802
vt 8.03828 12.7248
vn 0.733726 -0.318554 0.600142
vt 8.15668 13.6795
vn 0.755841 -0.337033 0.56135
f 89/358/171 86/359/172 88/360/173

vt 7.63879 9.10456
vn 0.436939 -0.717577 0.542372
v 0.153077 0.329563 -0.123123
vt 7.7232 8.921
vn 0.4261 -0.700549 0.572424
vt 8.18477 8.78553
vn 0.414844 -0.704286 0.576096
f 89/361/174 90/362/175 86/363/176

vt 7.6439 9.37168
v 0.149528 0.330837 -0.118833
vt 7.5186 9.25994
vn 0.447706 -0.723746 0.52512
vt 7.73233 9.19003
f 89/364/174 91/365/177 90/366/175

vt 7.60619 9.25475
vt 7.13478 9.25858
vn 0.456897 -0.748807 0.480138
vt 7.48974 9.13381
f 89/367/174 15/368/178 91/369/177

vt 5.60752 12.16
vt 7.13297 11.2151
vt 7.60438 11.212
f 14/370/24 15/371/26 89/372/171

v 0.144259 0.374554 -0.0786607
vt 6.08987 14.2177
vn 0.752844 -0.337293 0.565207
vt 5.48378 13.2594
vt 7.51753 12.3933
f 92/373/179 14/374/24 89/375/171

v 0.114042 0.376057 -0.054499
vt 4.86149 14.3245
vn 0.593208 -0.26943 0.758625
vt 5.71259 13.3485
vn 0.579342 -0.330484 0.745079
vt 6.38455 14.2618
vn 0.592073 -0.257776 0.763545
f 93/376/180 14/377/181 92/378/182

vt 4.25318 11.8868
vt 5.73649 11.9516
vt 4.97612 12.9998
vn 0.32647 -0.440572 0.83625
f 13/379/21 14/380/23 93/381/183

v 0.085024 0.373714 -0.0464104
vt 3.74229 13.1804
vn 0.160732 -0.423095 0.891715
vt 4.13959 12.2131
vt 4.92758 13.2811
f 94/382/184 13/383/21 93/384/183

v 0.0478125 0.35276 -0.0522556
vt 2.13604 11.5606
vn 0.116163 -0.410653 0.904362
vt 3.88211 11.4922
vt 3.5582 12.4865
f 95/385/185 13/386/21 94/387/184

v 0.0484674 0.330963 -0.0649363
vt 2.22204 10.1673
vn 0.17059 -0.491659 0.853915
vt 3.87806 11.0862
vt 2.13207 11.1564
f 96/388/186 13/389/21 95/390/185

vt 3.81184 7.82825
vn 0.279647 -0.769228 0.574531
vt 4.25938 8.44765
vt 2.83459 7.20002
f 12/391/187 13/392/187 96/393/187

vt 3.11193 5.77431
vn 0.318628 -0.871655 0.372415
v 0.0517141 0.330187 -0.0695292
vt 3.32661 5.71201
vt 3.93587 6.59335
f 96/394/188 97/395/188 12/396/188

vt 3.40107 10.2832
vn 0.605082 -0.595626 0.528305
vt 3.1808 10.3212
v 0.0482592 0.326154 -0.07012
vt 3.32914 10.0854
f 97/397/189 96/398/189 98/399/189

vt 2.97506 12.7315
vn 0.914434 -0.31436 0.254929
v 0.0445387 0.317801 -0.0670741
vt 3.0146 12.1856
vt 3.16945 12.532
f 96/400/190 99/401/190 98/402/190

vt 2.90216 11.6269
vn 0.51772 -0.285533 0.806497
vt 2.98685 12.1676
vn 0.478476 -0.221444 0.849719
v 0.0326743 0.317637 -0.0595162
vt 2.34833 11.6202
f 99/403/191 96/404/192 100/405/192

vt 2.1879 12.1138
vt 2.84005 12.6449
v 0.0265455 0.343114 -0.0520305
vt 1.84137 13.1292
vn 0.435636 -0.155692 0.886556
f 100/406/192 96/407/192 101/408/193

vt 2.51001 10.4455
vt 2.35464 11.4264
vt 1.54414 10.9923
vn 0.228646 -0.484402 0.844438
f 96/409/186 95/410/185 101/411/194

vt 1.28075 12.6972
vn 0.115408 -0.231906 0.965868
vt 2.11317 13.0876
v 0.035977 0.359062 -0.0493283
vt 1.63682 13.3427
vn 0.0738978 -0.302606 0.950247
f 101/412/195 95/413/185 102/414/196

vt 1.95189 12.1567
v 0.0699815 0.380171 -0.0420528
vt 2.81038 13.3189
vn 0.059776 -0.390315 0.918739
vt 1.48225 12.4239
f 95/415/185 103/416/197 102/417/196

vt 3.50735 12.8142
vt 2.90139 13.0928
vt 2.07119 11.9102
f 94/418/184 103/419/197 95/420/185

vt 3.68137 14.5094
vn 0.255135 -0.150965 0.955048
v 0.11652 0.393946 -0.0516264
vt 4.93508 15.3109
vt 3.06547 14.7652
vn 0.231895 -0.111889 0.966284
f 94/421/198 104/422/198 103/423/199

vt 4.91346 14.3871
vn 0.277815 -0.189709 0.941716
vt 4.97506 15.1045
vt 3.72761 14.2932
f 93/424/200 104/425/198 94/426/198

vt 4.85572 14.7094
vt 6.37886 14.649
vt 4.86254 15.4294
vn 0.584275 -0.307146 0.751188
f 93/427/180 92/428/182 104/429/201

vt 4.88024 15.3509
vt 6.39402 14.5655
v 0.146128 0.390717 -0.0751854
vt 6.36957 15.2201
vn 0.580289 -0.274222 0.766855
f 104/430/201 92/431/182 105/432/202

vt 5.75913 15.657
vn 0.780057 -0.249543 0.573794
vt 5.82738 15.0056
v 0.164939 0.379823 -0.105497
vt 7.16047 15.2179
vn 0.780345 -0.274412 0.561924
f 105/433/203 92/434/179 106/435/204

vt 5.77275 14.8977
vt 7.97092 13.8805
vt 7.10473 15.1169
f 92/436/179 88/437/173 106/438/204

vt 5.84052 14.7342
vt 7.34088 12.9692
vt 8.03024 13.699
f 92/439/179 89/440/171 88/441/173

vt 6.0104 15.438
vn 0.940226 -0.124429 0.317007
vt 6.95312 14.2589
vn 0.962615 -0.117809 0.243913
v 0.172882 0.383767 -0.127505
vt 6.93136 15.5945
vn 0.957705 -0.123244 0.260022
f 106/442/205 88/443/206 107/444/207

vt 6.34218 14.3478
v 0.184175 0.383775 -0.1818
vt 8.484 15.6832
vn 0.98436 0.0170319 0.175344
vt 6.30066 15.6829
f 88/445/206 108/446/208 107/447/207

vt 7.27404 13.5086
vn 0.962077 -0.0629555 0.265412
vt 8.53622 15.6171
vt 6.39298 14.2839
f 87/448/209 108/449/208 88/450/206

vt 7.67846 13.2686
v 0.185304 0.335139 -0.195378
vt 9.47907 13.4506
vn 0.975287 -0.0370266 0.217817
vt 8.95463 15.3687
f 87/451/209 109/452/210 108/453/208

vt 8.5714 12.287
vn 0.963339 -0.0516945 0.26326
vt 9.49617 13.2994
vt 7.69553 13.1177
f 81/454/211 109/455/210 87/456/209

vt 9.18034 13.5775
vt 8.25887 12.5621
vt 10.5545 11.2257
vn 0.974785 -0.0682838 0.21244
f 109/457/210 81/458/211 80/459/212

vt 8.9542 13.4928
vt 10.335 11.1448
v 0.190936 0.315265 -0.229853
vt 10.3288 12.7091
vn 0.984637 -0.0215346 0.173279
f 109/460/210 80/461/212 110/462/213

vt -6.14017 12.3438
vn 0.177458 0.0149103 -0.984015
vt -6.0526 10.782
vn 0.138239 0.000659592 -0.990399
vt -5.79021 10.7908
vn 0.160095 -0.000563131 -0.987101
f 110/463/214 80/464/215 47/465/216

vt -6.05618 10.8885
vt -5.63837 8.63636
vn 0.132447 -0.00676385 -0.991167
vt -5.79379 10.8973
f 80/466/215 48/467/217 47/468/216

vt -6.2103 10.8598
vt -6.05304 8.57615
vn 0.167487 -0.022747 -0.985612
vt -5.79241 8.60763
f 80/469/215 79/470/218 48/471/217

vt -6.0705 8.71963
vt -5.50166 6.78555
vn 0.187174 -0.0336445 -0.98175
vt -5.80987 8.7511
f 79/472/218 50/473/219 48/474/217

vt -4.79711 9.10306
vt -4.49289 7.11178
vn 0.247394 -0.0516432 -0.967538
vt -4.23633 7.16663
f 79/475/218 78/476/220 50/477/219

vt -5.15674 9.58817
vn 0.200648 -0.342492 -0.917845
vt -4.54977 8.15824
vt -4.90089 9.64623
vn 0.174665 -0.331729 -0.927064
f 78/478/221 53/479/221 50/480/222

vt -4.55449 9.85357
vt -4.2301 8.34635
vn 0.226456 -0.352955 -0.907822
vt -3.97615 8.41182
f 78/481/221 77/482/223 53/483/221

vt -5.09944 9.83875
vn 0.115297 -0.593105 -0.796827
vt -4.29202 8.4415
vt -4.84856 9.91514
vn 0.124007 -0.597455 -0.792256
f 77/484/224 54/485/116 53/486/225

vt -5.31767 9.71791
vt -4.73133 8.22672
vt -4.49123 8.33182
f 77/487/224 57/488/114 54/489/116

vt -5.62537 12.4597
vt -5.27534 10.9067
v 0.184401 0.315549 -0.231143
vt -5.36311 12.4709
vn 0.174586 0.0306377 -0.984165
f 110/490/214 47/491/216 111/492/226

vt -10.4664 12.6886
vn -0.979703 0.045542 -0.195212
vt -10.4569 11.122
vn -0.974316 0.0558909 -0.218138
vt -8.1771 12.427
vn -0.968627 0.0576021 -0.24175
f 111/493/227 47/494/228 43/495/229

vt -10.4438 12.8525
vt -8.1546 12.5901
v 0.178784 0.335418 -0.196743
vt -9.07353 13.6382
vn -0.973505 0.0587825 -0.220982
f 111/496/227 43/497/229 112/498/230

vt -7.7065 13.1474
vn -0.952946 0.104212 -0.284665
vt -9.46887 13.3024
vt -8.54494 12.2587
f 42/499/231 112/500/230 43/501/229

vt -6.78567 14.4802
vn -0.958256 0.118274 -0.260302
vt -9.40279 13.8283
vt -7.64066 13.6707
f 41/502/232 112/503/230 42/504/231

vt -6.61808 14.0622
v 0.177611 0.383556 -0.182953
vt -8.70021 15.3182
vn -0.983593 -0.0551288 -0.171772
vt -9.23781 13.4209
f 41/505/232 113/506/233 112/507/230

v 0.166452 0.383861 -0.129263
vt -6.31962 15.6369
vn -0.958078 0.120268 -0.260042
vt -8.47859 15.6249
vt -6.40085 14.3616
f 114/508/234 113/509/233 41/510/232

vt -8.47223 14.5214
vt -6.31327 14.5334
vn -0.974764 -0.0949155 -0.202054
v 0.159245 0.415156 -0.109195
vt -5.48204 15.7711
vn -0.974684 -0.101606 -0.199168
f 113/511/233 114/512/235 115/513/236

vt -7.81934 15.358
vn -0.832654 0.150075 -0.53307
v 0.149697 0.412625 -0.0949934
vt -6.3274 16.5034
vt -7.00096 16.6042
f 114/514/237 116/515/237 115/516/237

vt -5.58266 15.6092
vn -0.919785 -0.10919 -0.376925
vt -7.07795 14.4682
vn -0.928314 -0.122538 -0.351025
v 0.159017 0.380563 -0.108447
vt -6.20788 14.3374
f 116/517/238 114/518/239 117/519/238

vt -6.9131 15.5633
vt -6.97608 14.2869
vt -6.04303 15.4324
vn -0.940554 0.123376 -0.316443
f 114/520/234 41/521/232 117/522/240

vt -7.07861 15.0387
vn -0.775952 0.28118 -0.564656
vt -7.9352 13.8349
vt -5.81805 14.8705
f 117/523/241 41/524/87 40/525/89

vt -7.12139 15.1894
vt -5.86009 15.0268
v 0.141539 0.392528 -0.0796317
vt -5.7986 15.6717
vn -0.775317 0.256948 -0.576942
f 117/526/241 40/527/89 118/528/242

vt -6.33027 15.2397
vn -0.576779 0.29004 -0.763677
vt -6.34898 14.5921
v 0.113567 0.396271 -0.0570839
vt -4.91621 15.3912
vn -0.579225 0.318362 -0.750429
f 118/529/243 40/530/84 119/531/244

vt -4.90242 15.4688
vt -6.33769 14.6742
vt -4.90206 14.7361
f 119/532/244 40/533/84 39/534/86

v 0.0836703 0.375773 -0.0525529
vt -3.74229 14.3099
vn -0.259492 0.168269 -0.950973
vt -4.92209 15.1324
vt -4.86474 14.4019
vn -0.275269 0.193324 -0.941729
f 120/535/245 119/536/245 39/537/246

v 0.0682485 0.38354 -0.0474808
vt -3.06422 14.7801
vn -0.243464 0.143051 -0.959303
vt -4.88659 15.2865
vt -3.70185 14.4711
f 121/538/247 119/539/245 120/540/245

v 0.116956 0.406155 -0.0529064
vt -5.03991 14.0463
vn -0.305502 0.457656 -0.834997
vt -4.97112 13.6087
vt -3.16565 13.045
f 122/541/248 119/542/248 121/543/248

v 0.142412 0.4019 -0.0759638
vt -6.25357 14.4375
vn -0.553764 0.413434 -0.722785
vt -4.90167 14.1852
vt -4.90443 14.6282
vn -0.544436 0.477994 -0.689284
f 123/544/249 119/545/244 122/546/250

vt -6.28327 15.1707
vt -6.34192 14.7774
vt -4.92847 14.9345
f 123/547/249 118/548/243 119/549/244

vt -7.20301 15.0025
vt -5.88437 15.496
vt -5.79096 15.8826
vn -0.756078 0.298415 -0.58249
f 117/550/241 118/551/242 123/552/251

vt -5.80354 15.7991
vt -6.43635 14.5311
vt -5.00235 15.375
vn -0.910409 -0.0957416 -0.402478
f 116/553/238 117/554/238 123/555/252

vt -6.14608 14.7777
vn -0.840532 -0.266254 -0.471821
vt -5.35238 14.3397
v 0.132658 0.416318 -0.0667229
vt -4.84716 14.9286
f 116/556/253 123/557/253 124/558/253

vt -5.63895 16.4223
vn -0.668964 0.0235851 -0.74292
vt -6.16778 15.8545
vt -4.81557 16.0221
f 124/559/254 123/560/254 122/561/254

v 0.108694 0.417303 -0.048698
vt -4.56724 16.0975
vn -0.598485 -0.146171 -0.787686
vt -5.74778 16.0583
vt -4.92646 15.6538
f 125/562/255 124/563/255 122/564/255

v 0.10746 0.428483 -0.0580103
vt -4.73551 13.1907
vn -0.502588 -0.585395 -0.636174
vt -5.72659 12.5999
vt -4.54637 12.6478
f 126/565/256 124/566/256 125/567/256

vt -3.60001 5.81291
vn -0.476391 -0.861731 -0.174559
vt -5.53927 4.58233
vt -4.26341 4.8689
f 126/568/257 116/569/257 124/570/257

v 0.139127 0.4346 -0.0807926
vt -6.27925 16.8964
vn -0.597355 0.217563 -0.771903
vt -6.95036 16.011
vn -0.597378 0.212392 -0.773324
vt -4.74427 16.65
f 127/571/258 116/572/259 126/573/258

vt -7.07993 16.2395
vn -0.826523 -0.0344831 -0.561846
vt -6.40621 16.1398
vt -5.70989 17.0055
f 115/574/260 116/575/260 127/576/260

v 0.158766 0.443358 -0.122375
vt -7.17854 16.2544
vn -0.836581 -0.237421 -0.493724
vt -6.72843 15.1143
vn -0.861264 -0.227095 -0.454591
vt -5.36981 15.9003
vn -0.843017 -0.282607 -0.457664
f 128/577/261 115/578/262 127/579/263

vt -8.44165 14.4235
vt -5.45219 15.675
vt -5.95717 16.7918
vn -0.966937 -0.170028 -0.190062
f 113/580/233 115/581/236 128/582/264

v 0.164173 0.462284 -0.176328
vt -7.85278 17.1647
vn -0.970009 -0.162133 -0.181097
vt -8.1918 14.0279
vt -5.72117 16.4106
f 129/583/265 113/584/233 128/585/264

vt -8.24637 17.3274
v 0.174327 0.432349 -0.200116
vt -9.24988 16.1363
vn -0.976077 -0.127608 -0.176038
vt -8.62226 14.1948
f 129/586/265 130/587/266 113/588/233

v 0.17064 0.463383 -0.17514
vt -6.39456 9.65295
vn 0.0356758 0.62914 -0.776473
vt -6.49444 8.0811
vt -6.13807 9.59726
f 131/589/267 130/590/267 129/591/267

vt -6.39404 9.6526
vn 0.0357317 0.629143 -0.776468
v 0.180852 0.433255 -0.199082
vt -6.75231 8.1266
vn 0.0321709 0.632701 -0.773728
vt -6.49386 8.08074
vn 0.0350543 0.631692 -0.774426
f 131/592/268 132/593/269 130/594/270

v 0.164961 0.444636 -0.120285
vt 5.77073 16.0775
vn 0.970555 0.154372 0.184909
vt 8.93417 15.6206
vn 0.977099 0.144263 0.156414
vt 7.93697 16.83
vn 0.960273 0.21819 0.173977
f 133/595/271 132/596/272 131/597/273

vt 5.82596 16.6541
vt 8.34434 14.2382
vt 8.99013 16.2023
f 133/598/271 108/599/208 132/600/272

vt 5.95903 16.8589
vt 6.30084 14.4498
vn 0.974653 0.103281 0.198454
vt 8.48418 14.4501
f 133/601/271 107/602/274 108/603/208

vt 5.91327 16.8452
v 0.165306 0.41553 -0.106459
vt 5.3821 15.693
vn 0.975422 0.10387 0.194326
vt 6.25299 14.4357
f 133/604/271 134/605/275 107/606/274

v 0.130057 0.461359 -0.0702325
vt 5.00198 16.872
vn 0.832983 0.222857 0.506432
vt 6.93845 15.0103
vn 0.83166 0.246267 0.497688
vt 7.39855 16.1927
vn 0.829617 0.207081 0.51851
f 135/607/276 134/608/277 133/609/278

vt 4.54137 15.5094
vn 0.854992 0.371741 0.361659
v 0.144179 0.434964 -0.0764889
vt 4.98484 14.39
vt 6.39558 13.5659
f 135/610/279 136/611/279 134/612/279

vt 5.59666 17.4799
vn 0.683957 0.199634 0.701676
v 0.11847 0.444166 -0.0540465
vt 4.82519 16.7891
vt 6.16675 16.4194
f 135/613/280 137/614/280 136/615/280

vt 5.12625 15.1018
vn 0.348658 0.507091 0.788223
vt 5.80123 15.8871
v 0.0869653 0.450119 -0.0439408
vt 3.83099 15.3737
f 137/616/281 135/617/281 138/618/281

vt 3.83493 17.1687
vn 0.458349 0.242724 0.854986
vt 5.81921 17.6249
v 0.0963524 0.496056 -0.0620143
vt 4.49685 19.033
f 138/619/282 135/620/282 139/621/282

vt 4.48002 17.6962
vn 0.583517 0.402492 0.705342
vt 5.70967 16.2064
vn 0.637916 0.41797 0.64681
v 0.116831 0.487397 -0.0740149
vt 5.40266 17.3244
vn 0.643352 0.385912 0.661188
f 139/622/283 135/623/284 140/624/285

vt 5.19479 16.5798
vt 5.4172 15.4419
v 0.144091 0.478419 -0.0995644
vt 6.65583 16.1874
vn 0.764441 0.278389 0.581489
f 140/625/285 135/626/284 141/627/286

vt 5.0429 17.2206
vt 7.44156 16.5487
vt 6.31576 17.906
f 135/628/276 133/629/278 141/630/286

vt 6.39551 18.0919
vt 7.52888 16.741
v 0.152704 0.490206 -0.116436
vt 7.13671 18.5633
vn 0.786832 0.239323 0.568876
f 141/631/286 133/632/278 142/633/287

vt 5.62555 17.5118
vn 0.953436 0.241154 0.181117
vt 5.86447 15.6632
vt 8.02791 16.4237
f 142/634/288 133/635/271 131/636/273

vt 6.62281 19.5786
vn 0.882426 -0.263254 0.3899
vt 9.02221 18.484
v 0.161268 0.482331 -0.141135
vt 7.64851 19.2573
f 142/637/289 131/638/289 143/639/289

vt -6.92802 5.34147
vn -0.0875553 0.890113 -0.447251
vt -7.44369 3.8518
vn -0.0557269 0.865572 -0.497673
vt -7.19587 3.76537
vn -0.0678088 0.86449 -0.498054
f 143/640/290 131/641/291 129/642/292

vt -7.14851 5.71551
vt -7.48074 4.15172
v 0.154868 0.480991 -0.14243
vt -6.9078 5.61099
vn -0.0916661 0.914543 -0.393965
f 143/643/290 129/644/292 144/645/293

vt -6.5399 17.6515
vn -0.956132 -0.208619 -0.205646
vt -7.9167 16.9017
vt -5.78666 16.1432
f 144/646/294 129/647/265 128/648/264

vt -6.9764 17.4046
vt -6.25203 15.8823
v 0.146883 0.488746 -0.119316
vt -6.01632 17.7183
vn -0.941119 -0.229678 -0.24808
f 144/649/294 128/650/264 145/651/295

vt -7.11122 18.539
vn -0.784164 -0.239423 -0.572506
vt -7.47021 16.7231
v 0.1389 0.476658 -0.103327
vt -6.41292 18.0554
vn -0.772013 -0.235411 -0.590404
f 145/652/296 128/653/261 146/654/297

vt -6.32727 17.8489
vt -7.37552 16.5095
v 0.125595 0.459265 -0.0746826
vt -5.09212 17.1493
vn -0.830193 -0.271711 -0.486777
f 146/655/297 128/656/261 147/657/298

vt -7.25463 15.3855
vt -5.44833 15.0193
vt -4.9785 16.0508
f 128/658/261 127/659/263 147/660/298

vt -6.13472 16.4288
vn -0.686845 -0.204008 -0.697585
v 0.115148 0.443232 -0.0597075
vt -4.87961 16.7759
vt -5.58634 17.4207
f 127/661/299 148/662/299 147/663/299

vt -6.27779 16.868
vt -4.74291 16.621
vt -5.02308 17.2166
vn -0.597314 0.222729 -0.770459
f 127/664/258 126/665/258 148/666/300

v 0.0850806 0.449015 -0.0501905
vt -3.7827 17.622
vn -0.293894 0.0433302 -0.954856
vt -5.02432 17.3941
vt -4.71535 16.8129
f 149/667/301 148/668/301 126/669/301

vt -3.86213 15.4463
vn -0.347195 -0.509263 -0.787469
vt -5.71064 15.9152
vt -5.09645 15.1817
f 149/670/302 147/671/302 148/672/302

v 0.0935741 0.493932 -0.0676416
vt -4.503 18.9997
vn -0.45496 -0.246435 -0.855734
vt -5.74627 17.5914
vt -3.88522 17.175
f 150/673/303 147/674/303 149/675/303

v 0.112573 0.484844 -0.0784201
vt -5.3787 17.2744
vn -0.641035 -0.415268 -0.645466
vt -5.67601 16.1743
vn -0.640089 -0.419903 -0.643403
vt -4.53325 17.6653
vn -0.589967 -0.40454 -0.698774
f 151/676/304 147/677/305 150/678/306

vt -6.64028 16.2325
vn -0.688538 -0.423686 -0.588562
vt -5.44158 15.4721
vt -5.22194 16.5903
f 146/679/307 147/680/305 151/681/304

v 0.109305 0.494094 -0.0810471
vt -5.22562 17.2325
vn -0.641963 -0.410625 -0.647512
vt -6.65051 16.4789
vt -5.23114 16.8327
f 152/682/308 146/683/307 151/684/304

vt -5.31119 18.6362
vn -0.672786 -0.25405 -0.69485
v 0.13154 0.491673 -0.10169
vt -6.50541 18.5377
vn -0.709725 -0.277308 -0.647603
vt -6.75842 17.9265
f 152/685/309 153/686/310 146/687/297

v 0.113556 0.49653 -0.0765679
vt -5.38681 7.09085
vn -0.201322 0.93443 -0.293786
vt -6.50698 6.57965
vn -0.175953 0.935377 -0.306774
vt -5.33611 6.83448
vn -0.222566 0.934437 -0.278013
f 154/688/311 153/689/312 152/690/313

vt -5.36273 5.98802
v 0.136263 0.493762 -0.097512
vt -6.53925 5.66122
vn -0.156587 0.942785 -0.294342
vt -6.45233 5.41454
f 154/691/311 155/692/314 153/693/312

vt 5.31284 16.9999
vt 6.50794 17.2748
vn 0.700768 0.329283 0.632849
vt 5.29275 17.3943
vn 0.614694 0.409001 0.67444
f 140/694/285 155/695/315 154/696/316

vt 5.2673 18.0931
vt 6.73484 17.7258
vt 6.46566 18.3534
f 140/697/285 141/698/286 155/699/315

vt 6.3412 17.9833
vt 6.59599 17.3496
vt 7.32715 17.8364
f 155/700/315 141/701/286 142/702/287

vt -6.39155 4.10138
vn -0.13154 0.950162 -0.282649
vt -7.26492 3.62086
vn -0.0999946 0.943084 -0.317164
vt -7.09243 3.42353
vn -0.110446 0.947055 -0.301477
f 155/703/317 142/704/318 145/705/319

vt -6.79736 3.55501
vt -7.08254 2.50387
vt -6.59501 3.38845
f 142/706/318 144/707/293 145/708/319

vt -7.22914 4.95085
vt -7.88279 4.09756
vt -7.66418 3.95238
f 142/709/318 143/710/290 144/711/293

vt -6.54194 5.6737
vt -7.31598 5.08077
vt -6.45575 5.42677
vn -0.157344 0.942907 -0.293547
f 155/712/317 145/713/319 153/714/320

vt -7.28406 17.8906
vt -6.59651 17.3918
vt -6.36475 18.0114
f 145/715/296 146/716/297 153/717/310

vt 5.40038 17.2544
vt 5.36535 17.6478
vt 4.47824 17.6274
f 140/718/285 154/719/316 139/720/283

vt -4.43541 7.93167
vn -0.184503 0.942656 -0.278135
vt -5.3213 7.98246
vt -5.32038 7.72113
f 139/721/321 154/722/311 152/723/313

vt -4.4563 7.13159
vt -5.33558 6.89839
vt -4.52207 6.87917
vn -0.12054 0.951998 -0.281372
f 139/724/321 152/725/313 150/726/322

vt -4.53251 17.6259
vt -5.34621 17.6329
vt -5.3776 17.2343
f 150/727/306 152/728/308 151/729/304

v 0.0607601 0.496189 -0.0526757
vt -2.82539 5.04128
vn -0.0531986 0.954703 -0.292765
vt -4.27401 5.0253
vt -4.22191 4.76971
f 156/730/323 139/731/321 150/732/322

vt 2.84178 18.9955
vn 0.138229 0.305641 0.942059
vt 3.75172 17.0864
vn 0.17632 0.279256 0.943889
vt 4.29048 18.99
vn 0.242211 0.31196 0.918703
f 156/733/324 138/734/325 139/735/326

v 0.0309185 0.48507 -0.0464619
vt 1.41582 18.9273
vn 0.0725859 0.284319 0.955978
vt 3.59711 17.5081
vt 2.61079 19.3788
f 157/736/327 138/737/325 156/738/324

vt 1.41609 18.9266
v 0.0354338 0.446522 -0.0371674
vt 1.55139 17.3611
vn 0.0239747 0.175796 0.984135
vt 3.59732 17.5072
vn 0.104066 0.296667 0.949294
f 157/739/327 158/740/328 138/741/329

vt 1.4648 17.4021
vt 1.3051 18.9652
v -0.00235235 0.48129 -0.0439029
vt -0.00813118 18.8119
vn 0.0101496 0.2653 0.964113
f 158/742/328 157/743/327 159/744/330

vt -0.0291225 18.4417
vt 1.28357 18.5995
v 0.0201191 0.496161 -0.0499891
vt 0.863777 19.0627
vn 0.041305 0.343998 0.938062
f 159/745/330 157/746/327 160/747/331

vt 1.33481 18.4658
vt 2.52321 18.9343
vt 0.919683 18.9332
f 157/748/327 156/749/324 160/750/331

vt -0.924607 3.72121
vn -0.0243858 0.946494 -0.321799
vt -2.52813 3.72508
v 0.0597504 0.494316 -0.0589414
vt -2.50532 3.46555
vn -0.0376653 0.953036 -0.300505
f 160/751/332 156/752/323 161/753/333

vt -2.77896 4.08401
vt -4.1667 3.77063
vt -2.79266 3.82385
f 156/754/323 150/755/322 161/756/333

vt -4.23723 18.99
vn -0.240006 -0.311791 -0.919339
vt -3.74014 17.1288
vn -0.14826 -0.305456 -0.940593
vt -2.86226 19.0059
vn -0.129758 -0.291094 -0.947854
f 150/757/334 149/758/335 161/759/336

vt -2.59588 19.3652
vt -3.54862 17.525
v 0.0352259 0.445375 -0.0436801
vt -1.56951 17.3771
vn -0.0333328 -0.185266 -0.982123
f 161/760/336 149/761/335 162/762/337

vt -1.55528 16.9483
vt -3.53398 17.1016
v 0.0591151 0.433398 -0.0415587
vt -2.48235 16.4439
vn -0.0955013 -0.355201 -0.929899
f 162/763/337 149/764/335 163/765/338

vt -2.78481 16.7871
vn -0.39127 0.148566 -0.908205
vt -3.85812 17.4089
vn -0.34341 0.0963982 -0.934225
v 0.0552964 0.417834 -0.0424596
vt -2.66077 16.1675
f 163/766/339 149/767/340 164/768/340

vt -3.78242 17.6214
vt -4.71506 16.8123
vn -0.293597 0.0436822 -0.954931
vt -2.57215 16.3926
f 149/769/340 126/770/341 164/771/340

vt -2.30014 12.2964
vn -0.0528125 -0.732466 -0.678752
vt -4.39512 12.9122
vn -0.0958888 -0.689454 -0.717954
v 0.0777315 0.414536 -0.0406463
vt -3.17521 12.1056
f 164/772/342 126/773/343 165/774/343

vt -4.57383 13.8745
vt -4.55536 13.2999
vn -0.138462 -0.642829 -0.753392
vt -3.29914 13.1577
f 126/775/343 125/776/344 165/777/343

vt -3.35425 16.2639
vn -0.236618 -0.146971 -0.960423
vt -4.61369 16.374
v 0.0818767 0.400621 -0.0395382
vt -3.50227 15.71
f 165/778/345 125/779/345 166/780/345

vt -4.68431 16.3612
vn -0.365845 0.078943 -0.927322
vt -5.04769 15.9209
vt -3.56984 15.7023
f 125/781/346 122/782/346 166/783/346

vt -3.5781 12.4981
vn -0.355671 0.612169 -0.706221
vt -5.04623 12.7745
vn -0.363604 0.615327 -0.699403
vt -3.24628 11.645
vn -0.362405 0.686799 -0.630056
f 166/784/347 122/785/348 121/786/349

v 0.0445743 0.378063 -0.0406131
vt -2.27819 11.3999
vn -0.346069 0.660978 -0.66584
vt -3.57964 12.5195
vt -3.23445 11.6717
f 167/787/350 166/788/347 121/789/349

v 0.0426325 0.395123 -0.0372291
vt -1.79691 15.0448
vn 0.059418 0.154649 -0.986181
vt -3.34409 15.2651
vn -0.0834997 0.184739 -0.979234
vt -1.8844 14.3614
vn -0.00441508 0.194086 -0.980975
f 168/790/351 166/791/352 167/792/353

vt -1.74371 15.6177
vn 0.0248203 -0.202183 -0.979033
vt -3.13027 16.3853
vn -0.00175488 -0.170284 -0.985393
vt -3.2913 15.835
vn -0.0455279 -0.0927703 -0.994646
f 168/793/354 165/794/355 166/795/356

vt -2.10247 16.3777
vn 0.0598419 -0.255601 -0.964929
vt -2.98801 16.2437
vt -1.6133 15.4551
f 164/796/357 165/797/355 168/798/354

v 0.0183531 0.40266 -0.0412651
vt -0.58944 15.7314
vn 0.077627 -0.264662 -0.961212
vt -2.03539 16.3509
vt -1.55501 15.4237
f 169/799/358 164/800/357 168/801/354

v 0.0408759 0.420478 -0.0416133
vt -1.68995 16.4692
vn -0.00021101 -0.00766277 -0.999971
vt -2.25865 16.365
vn -0.0481486 0.0566011 -0.997235
vt -0.803668 15.767
vn 0.0236181 0.0124634 -0.999643
f 170/802/359 164/803/360 169/804/361

vt -1.68288 16.4072
vt -2.4001 16.9171
vn 0.00360394 -0.00086502 -0.999993
vt -2.25155 16.3028
f 170/805/359 163/806/362 164/807/360

vt -1.29346 17.6172
vt -2.23709 17.1445
vt -1.51991 16.6345
f 162/808/337 163/809/362 170/810/359

vt -1.31245 17.6174
vt -1.53815 16.6346
vt -0.652811 15.9312
f 162/811/337 170/812/359 169/813/361

v -0.0293779 0.441669 -0.0432134
vt 1.14967 17.456
vn 0.0257901 -0.167909 -0.985465
vt -1.39384 17.6021
vt -0.729174 15.9178
f 171/814/363 162/815/337 169/816/361

v -0.00237517 0.479553 -0.0502869
vt 0.100706 18.9188
vn -0.0103409 -0.265457 -0.964067
vt -1.38059 17.5493
vt 1.16279 17.4008
f 172/817/364 162/818/337 171/819/363

vt -0.00302709 18.8053
v 0.0304636 0.48314 -0.0527739
vt -1.29913 18.9507
vn -0.0629945 -0.294536 -0.953562
vt -1.46896 17.4194
f 172/820/364 173/821/365 162/822/337

v 0.0198463 0.493901 -0.0562013
vt -0.862558 19.0557
vn -0.0414428 -0.344302 -0.937944
vt -1.27529 18.6061
vt 0.0203073 18.4563
f 174/823/366 173/824/365 172/825/364

vt -0.922572 18.9367
vt -2.49729 18.9542
vt -1.33099 18.4832
f 174/826/366 161/827/336 173/828/365

vt -0.979039 4.91251
vt -2.56614 4.70007
vt -0.992045 4.65236
vn -0.0192146 0.950242 -0.310921
f 160/829/332 161/830/333 174/831/367

v -0.0250685 0.495717 -0.0484846
vt 0.870136 4.82095
vn 0.0065513 0.959999 -0.279925
vt -0.909239 4.8721
vt -0.913255 4.61165
f 175/832/368 160/833/332 174/834/367

vt 0.850196 19.0196
vt -0.929816 19.001
vn -0.0573724 0.25768 0.964526
vt -0.0412327 18.3965
f 160/835/331 175/836/369 159/837/330

vt -0.191193 18.8589
vt -1.09437 19.4413
v -0.0295354 0.442711 -0.0366817
vt -1.24341 17.3013
vn -0.0247096 0.172736 0.984658
f 159/838/330 175/839/369 176/840/370

v -0.0868298 0.449689 -0.0438595
vt -3.56946 17.5655
vn -0.132766 0.290048 0.947758
vt -1.29702 17.2836
vt -1.16692 19.4249
f 177/841/371 176/842/370 175/843/369

vt -1.26541 16.572
vt -3.53573 16.8705
v -0.0596843 0.433391 -0.0349247
vt -2.44413 16.1733
vn -0.067377 0.390988 0.917926
f 176/844/370 177/845/371 178/846/372

vt -2.70225 16.806
vn -0.391439 -0.154668 0.907113
vt -3.82288 17.4555
vn -0.329173 -0.0500316 0.942943
v -0.0560098 0.418391 -0.0358966
vt -2.58459 16.2083
vn -0.334259 -0.090471 0.938129
f 178/847/373 177/848/374 179/849/375

vt -2.50825 16.4475
vt -3.76108 17.6801
v -0.10942 0.430719 -0.0508088
vt -4.69141 16.933
vn -0.296032 0.00262298 0.955175
f 179/850/375 177/851/374 180/852/376

vt -3.78988 17.7129
v -0.118931 0.44284 -0.0543872
vt -5.11993 17.4431
vn -0.317391 0.0307608 0.947796
vt -4.72012 16.9657
f 177/853/374 181/854/377 180/855/376

vt -3.82677 15.6188
vn -0.364138 0.478567 0.798985
v -0.130396 0.459688 -0.0697034
vt -5.80947 16.0671
vt -5.1487 15.3117
f 177/856/378 182/857/378 181/858/378

vt -5.8211 17.5996
vn -0.455753 0.233989 0.858801
vt -3.82908 17.1948
v -0.0968981 0.49675 -0.0620249
vt -4.51446 19.1005
f 182/859/379 177/860/379 183/861/379

vt -3.75948 17.1136
v -0.0661117 0.496383 -0.0531946
vt -3.07468 19.04
vn -0.183984 0.270552 0.944961
vt -4.3356 19.0551
vn -0.25981 0.298856 0.91825
f 177/862/371 184/863/380 183/864/381

vt -3.58775 17.5076
vt -1.19101 19.3744
vt -2.81748 19.4014
f 177/865/371 175/866/369 184/867/380

vt 2.92995 3.35436
vn 0.0567759 0.96661 -0.249885
vt 1.30661 3.25001
v -0.0246636 0.494066 -0.0548788
vt 1.33509 2.99108
vn 0.0279669 0.967638 -0.250788
f 184/868/382 175/869/368 185/870/383

vt 0.957403 3.02358
vt -0.815368 2.73797
vt 0.937582 2.76384
f 175/871/368 174/872/367 185/873/383

vt 0.0320032 18.4194
vt 0.903463 19.0274
vn 0.0449211 -0.263871 -0.963511
vt -0.849664 19.0205
f 172/874/364 185/875/384 174/876/366

vt 1.25266 17.3174
vt 1.0938 19.433
vt 0.207355 18.847
f 171/877/363 185/878/384 172/879/364

v -0.065025 0.494674 -0.0594945
vt 2.80253 19.4357
vn 0.0991518 -0.230645 -0.967973
vt 1.20315 19.4111
vt 1.33702 17.2939
f 186/880/385 185/881/384 171/882/363

vt 2.91939 3.47913
vt 1.32227 3.12594
vt 2.91915 3.2186
vn 0.0708005 0.960393 -0.269504
f 184/883/382 185/884/383 186/885/386

vt 4.39131 4.03426
vn 0.118902 0.955571 -0.269717
vt 3.13151 3.97887
vt 3.16936 3.7211
f 183/886/387 184/887/382 186/888/386

vt 4.33377 4.96361
vt 3.09886 4.70622
v -0.0940471 0.494682 -0.067637
vt 4.28558 4.70723
vn 0.162619 0.942272 -0.292708
f 183/889/387 186/890/386 187/891/388

vt 4.28419 19.0551
vn 0.257749 -0.298399 -0.91898
vt 3.09747 19.0547
v -0.0850052 0.448541 -0.0501188
vt 3.75518 17.1518
f 187/892/389 186/893/389 188/894/389

vt 2.76802 19.419
vt 1.31076 17.2715
vt 3.51664 17.55
vn 0.0780728 -0.317619 -0.944999
f 186/895/385 171/896/363 188/897/390

v -0.0585225 0.432761 -0.0414091
vt 2.41311 16.2195
vn 0.064628 -0.396897 -0.915585
vt 3.47729 16.8963
vt 1.27353 16.6016
f 189/898/391 188/899/390 171/900/363

v -0.0555731 0.417614 -0.0424527
vt 2.66353 16.1897
vn 0.327732 0.0785133 -0.941503
vt 3.84897 17.419
vn 0.323847 0.0407503 -0.945231
vt 2.75479 16.7918
vn 0.382384 0.137407 -0.913729
f 190/901/392 188/902/393 189/903/394

v -0.106897 0.428925 -0.0566644
vt 4.65536 16.8645
vn 0.292889 -0.0078188 -0.956115
vt 3.75591 17.637
vt 2.55873 16.4191
f 191/904/395 188/905/393 190/906/392

vt 4.69691 16.9041
v -0.115601 0.441791 -0.0600225
vt 5.06379 17.411
vn 0.314698 -0.0346797 -0.948558
vt 3.79774 17.6769
f 191/907/395 192/908/396 188/909/393

v -0.134489 0.430016 -0.0753489
vt 6.04466 16.7882
vn 0.557489 0.164781 -0.813666
vt 5.09015 17.2583
vt 4.73273 16.7447
f 193/910/397 192/911/397 191/912/397

vt 5.86354 16.3582
vn 0.685662 -0.182782 -0.704597
v -0.125944 0.457719 -0.0742197
vt 5.59142 17.4675
vt 4.90977 16.8297
f 193/913/398 194/914/398 192/915/398

v -0.156627 0.439166 -0.112657
vt 7.10296 16.2179
vn 0.821269 -0.221875 -0.525632
vt 5.17426 16.9681
vn 0.811772 -0.234042 -0.535024
vt 5.39711 15.8479
vn 0.829 -0.212185 -0.517433
f 195/916/399 194/917/400 193/918/401

v -0.139198 0.475307 -0.102347
vt 6.37475 17.599
vn 0.807571 -0.282899 -0.517491
vt 5.1626 16.8858
vt 7.09049 16.1335
f 196/919/402 194/920/400 195/921/399

vt 6.62483 16.2986
vn 0.686165 -0.376566 -0.622395
v -0.113048 0.484496 -0.0784034
vt 5.23921 16.6979
vn 0.648395 -0.410599 -0.641087
vt 5.44426 15.5342
vn 0.647801 -0.412102 -0.640723
f 196/922/403 197/923/404 194/924/405

vt 6.63168 16.4414
v -0.109811 0.49374 -0.0810242
vt 5.24009 17.2373
vn 0.658809 -0.370895 -0.654529
vt 5.24532 16.8382
f 196/925/403 198/926/406 197/927/404

vt 6.72602 17.5962
v -0.13202 0.490189 -0.101625
vt 6.5058 18.2089
vn 0.67501 -0.292721 -0.677256
vt 5.31395 18.3551
f 196/928/403 199/929/407 198/930/406

v -0.149006 0.485347 -0.123831
vt 7.3107 17.1321
vn 0.80478 -0.304343 -0.509613
vt 6.21233 17.3357
vn 0.779185 -0.350618 -0.519555
vt 6.39275 16.71
f 200/931/408 199/932/409 196/933/402

v -0.154745 0.487294 -0.121081
vt 7.57055 5.4803
vn 0.168514 0.933093 -0.31771
vt 6.42968 5.79433
vn 0.163963 0.928893 -0.332075
vt 7.41554 5.26903
vn 0.169034 0.935677 -0.309736
f 201/934/410 199/935/411 200/936/412

vt 7.58337 5.74376
v -0.136835 0.492483 -0.0976623
vt 6.53956 6.291
vn 0.168568 0.924876 -0.340866
vt 6.44013 6.04905
f 201/937/410 202/938/413 199/939/411

v -0.144389 0.477359 -0.0987344
vt -6.38386 16.6762
vn -0.765682 0.315834 0.560339
vt -6.18409 17.3125
vn -0.714212 0.356704 0.602216
vt -7.34227 17.0942
vn -0.80516 0.304862 0.508701
f 203/940/414 202/941/415 201/942/416

v -0.117358 0.487059 -0.0740533
vt -5.27743 17.8417
vn -0.649683 0.38824 0.653591
vt -6.48048 18.0658
vt -6.71338 17.4409
f 204/943/417 202/944/415 203/945/414

vt -5.30878 16.9633
v -0.114105 0.496237 -0.0766205
vt -5.29227 17.3594
vn -0.627286 0.407886 0.663432
vt -6.50992 17.1974
f 204/946/417 205/947/418 202/948/415

vt -4.4825 17.6143
vn -0.597911 0.400423 0.69438
vt -5.37077 17.5922
vt -5.40144 17.1969
f 183/949/419 205/950/418 204/951/417

vt 5.40594 6.40009
vn 0.191786 0.931902 -0.307858
vt 4.5197 6.46399
vt 4.56044 6.20633
f 205/952/420 183/953/387 187/954/388

vt 5.41113 7.46291
vt 4.5587 7.30235
vt 5.36794 7.20516
vn 0.183916 0.924032 -0.335172
f 205/955/420 187/956/388 198/957/421

vt 5.37873 17.1725
vt 5.35165 17.5708
vt 4.5376 17.6114
vn 0.605033 -0.402479 -0.686982
f 197/958/404 198/959/406 187/960/422

vt 5.38152 17.2468
vt 4.5396 17.6842
vt 5.6547 16.0972
f 197/961/404 187/962/422 194/963/405

vt 4.51696 19.0678
vn 0.45269 -0.23759 -0.859432
vt 3.88059 17.1977
vt 5.74882 17.5696
f 187/964/423 188/965/423 194/966/423

vt 5.12126 15.4165
vn 0.364158 -0.476692 -0.800096
vt 5.72343 16.1298
vt 3.8634 15.7188
f 192/967/424 194/968/424 188/969/424

vt 6.53302 6.63662
vt 5.36376 7.01315
vt 5.289 6.76273
f 202/970/413 205/971/420 198/972/421

vt 6.52743 6.2544
vt 5.28403 6.38646
vt 6.42544 6.01352
f 202/973/413 198/974/421 199/975/411

vt -5.68421 16.1264
vn -0.64503 0.409759 0.645007
vt -4.48592 17.715
vt -5.40574 17.2996
f 182/976/425 183/977/419 204/978/417

vt -5.42145 15.5139
vt -5.21815 16.7025
vt -6.64825 16.2812
f 182/979/425 204/980/417 203/981/414

v -0.162646 0.440304 -0.110045
vt -7.14193 16.1435
vn -0.816791 0.222047 0.532492
vt -5.11705 16.9289
vn -0.822512 0.21915 0.52483
vt -6.3745 17.6449
f 206/982/426 182/983/427 203/984/414

v -0.161894 0.408943 -0.09934
vt -6.85251 15.3405
vn -0.83305 0.214865 0.509765
vt -5.18626 17.3688
vt -7.21522 16.594
f 207/985/428 182/986/427 206/987/426

vt -6.53095 14.699
v -0.139533 0.431516 -0.0712873
vt -5.1369 15.6162
vn -0.842192 0.225862 0.48959
vt -4.90639 16.7609
f 207/988/428 208/989/429 182/990/427

v -0.136058 0.419179 -0.0605128
vt -4.8019 15.4684
vn -0.837944 0.21923 0.499788
vt -5.23594 15.9646
vt -6.6361 15.0567
f 209/991/430 208/992/429 207/993/428

vt -4.69635 14.3616
vn -0.482453 0.52243 0.703069
vt -6.12994 14.3978
vn -0.478929 0.497048 0.723581
vt -5.78173 13.838
f 180/994/431 208/995/432 209/996/431

vt -4.68366 16.7811
vn -0.55491 -0.196794 0.808299
vt -5.0721 17.2678
vt -6.11735 16.8131
f 180/997/433 181/998/433 208/999/433

vt -4.86001 16.8385
vn -0.681344 0.181109 0.709203
vt -5.60325 17.5129
vt -5.90586 16.3851
f 181/1000/434 182/1001/434 208/1002/434

v -0.111539 0.419056 -0.0429564
vt -4.5581 13.1686
vn -0.485456 0.547249 0.6818
vt -4.66946 13.7172
vt -5.74534 13.1744
f 210/1003/435 180/1004/431 209/1005/431

v -0.0786073 0.41708 -0.0346726
vt -3.3085 13.8781
vn -0.167798 0.571374 0.803353
vt -4.62587 14.5323
vt -4.64432 13.9728
f 211/1006/436 180/1007/436 210/1008/436

vt -2.22301 11.8332
vn -0.00837626 0.755771 0.654782
vt -4.33312 12.5744
vt -3.11198 11.7544
f 179/1009/437 180/1010/437 211/1011/437

v -0.0423895 0.394973 -0.0306742
vt -1.61943 15.404
vn 0.0243096 0.198564 0.979786
vt -2.14704 16.3535
vn 0.0645996 0.252852 0.965346
vt -3.03791 16.3004
vn -0.00897942 0.163706 0.986468
f 212/1012/438 179/1013/439 211/1014/440

v -0.0239523 0.401876 -0.0343298
vt -0.812014 15.6316
vn 0.0904433 0.266592 0.959556
vt -2.06276 16.3062
vt -1.54819 15.3496
f 213/1015/441 179/1016/439 212/1017/438

vt -1.02793 15.776
vn -0.00237498 0.000845164 0.999997
v -0.0402433 0.419932 -0.0348347
vt -1.66925 16.4872
vn -0.0115822 0.00408421 0.999925
vt -2.29139 16.4265
vn -0.0617906 -0.0545559 0.996597
f 213/1018/442 214/1019/443 179/1020/444

vt -0.890016 15.8777
vt -1.10608 17.4886
vt -1.53015 16.59
f 213/1021/442 176/1022/370 214/1023/443

v 0.018048 0.402781 -0.0346569
vt 0.71944 15.9099
vn -0.0231502 -0.0133268 0.999643
vt -1.15336 17.4846
vt -0.934165 15.8742
f 215/1024/445 176/1025/370 213/1026/442

vt 0.716284 15.9087
vt 1.40118 17.6335
vt -1.15673 17.4832
f 215/1027/445 158/1028/328 176/1029/370

vt 0.651189 15.9172
v 0.040887 0.420554 -0.0349976
vt 1.54895 16.6189
vn 0.00435009 0.00658811 0.999969
vt 1.33079 17.6441
f 215/1030/445 216/1031/446 158/1032/328

vt 0.784041 15.7694
v 0.0557212 0.418646 -0.0359069
vt 2.26771 16.3948
vn 0.0532869 -0.0607468 0.99673
vt 1.6826 16.47
f 215/1033/445 217/1034/447 216/1035/446

v 0.0423417 0.395193 -0.0306197
vt 1.56386 15.3669
vn -0.019448 0.198173 0.979974
vt 2.07201 16.3236
vn -0.0579507 0.250897 0.966278
vt 0.597677 15.6765
vn -0.0781942 0.261489 0.962034
f 218/1036/448 217/1037/449 215/1038/450

vt 1.61895 15.4082
v 0.0783386 0.41743 -0.0347275
vt 3.02881 16.3101
vn 0.0101012 0.165806 0.986107
vt 2.13723 16.3594
f 218/1039/448 219/1040/451 217/1041/449

v 0.0836521 0.399012 -0.0333672
vt 3.36408 15.7462
vn 0.0577966 0.0901038 0.994254
vt 3.15834 16.4743
vt 1.73415 15.5952
f 220/1042/452 219/1043/451 218/1044/448

vt 3.51037 15.6269
vn 0.233682 0.138492 0.962399
v 0.111248 0.419586 -0.0430285
vt 4.65591 16.4448
vt 3.31971 16.3591
f 220/1045/453 221/1046/453 219/1047/453

vt 3.54564 15.6876
vn 0.363529 -0.0507993 0.930197
v 0.120466 0.404843 -0.047436
vt 5.0972 15.9175
vt 4.69603 16.4986
f 220/1048/454 222/1049/454 221/1050/454

vt 3.20734 11.8946
vn 0.360538 -0.671266 0.647623
vt 5.07181 13.1041
vn 0.367321 -0.595771 0.714235
vt 3.52958 12.8182
vn 0.354895 -0.591323 0.724145
f 103/1051/455 222/1052/456 220/1053/457

vt 3.15193 13.1973
vn 0.303298 -0.4357 0.847453
vt 5.00403 13.7999
vt 5.0947 14.2765
f 103/1054/458 104/1055/458 222/1056/458

vt 4.85581 14.8239
vn 0.559138 -0.466117 0.685638
vt 4.83968 14.3389
v 0.147626 0.401501 -0.0718568
vt 6.29209 14.6751
vn 0.566648 -0.391262 0.725137
f 222/1057/459 104/1058/201 223/1059/460

vt 4.88897 15.0813
vt 6.37802 14.9474
vt 6.3465 15.3945
f 104/1060/201 105/1061/202 223/1062/460

vt 5.7583 15.9895
vn 0.765403 -0.284485 0.577258
vt 5.82743 15.5466
vt 7.22614 15.0992
f 223/1063/461 105/1064/203 106/1065/204

vt 4.9698 15.376
vn 0.907809 0.0890963 0.409811
vt 6.45737 14.5191
vn 0.917992 0.103253 0.382922
v 0.155389 0.413125 -0.0915808
vt 5.80331 15.8355
f 223/1066/462 106/1067/463 224/1068/463

vt 6.20342 14.3137
vt 7.1244 14.47
vn 0.927233 0.117303 0.35564
vt 5.55723 15.6339
f 106/1069/463 107/1070/464 224/1071/463

vt 7.03137 16.6622
vn 0.833523 -0.152974 0.530885
vt 6.32755 16.5664
vt 7.89046 15.3968
f 134/1072/465 224/1073/465 107/1074/465

vt 5.67015 16.9928
vn 0.828505 0.0392211 0.558606
vt 6.40951 16.1324
vt 7.11347 16.2271
f 136/1075/466 224/1076/466 134/1077/466

vt 4.99636 17.2822
vn 0.587174 -0.237386 0.77387
vt 7.04892 16.0265
vt 6.33722 16.91
vn 0.591972 -0.229966 0.772454
f 137/1078/467 224/1079/467 136/1080/468

vt 5.00719 17.2241
v 0.110304 0.430273 -0.0522998
vt 4.70885 16.66
vn 0.582328 -0.244786 0.775225
vt 7.05687 15.9637
f 137/1081/467 225/1082/469 224/1083/467

vt 4.75768 16.8786
vn 0.296557 -0.0528805 0.95355
vt 5.0851 17.4263
vn 0.295748 -0.0539128 0.953743
vt 3.78259 17.661
vn 0.333712 -0.0930934 0.938067
f 225/1084/470 137/1085/471 138/1086/472

vt 2.51517 16.4239
vn 0.352358 -0.112643 0.929061
vt 4.75881 16.8822
vt 3.78364 17.6646
f 217/1087/473 225/1088/470 138/1089/472

vt 3.10944 10.9623
vn 0.0113876 0.797333 0.603432
vt 4.38076 11.8
vt 2.22003 11.0416
f 219/1090/474 225/1091/474 217/1092/474

vt 3.28835 12.9026
vn 0.144007 0.655697 0.741164
vt 4.62256 13.015
vt 4.65568 13.5722
f 219/1093/475 221/1094/475 225/1095/475

vt 4.50005 12.4803
vn 0.492215 0.59483 0.635533
v 0.137155 0.419768 -0.0632642
vt 5.79427 12.4893
vt 4.69416 13.0038
f 221/1096/476 226/1097/476 225/1098/476

vt 4.88851 15.5529
vn 0.640856 0.0916904 0.762166
vt 5.78984 16.147
vt 4.49562 16.1397
vn 0.608226 0.147103 0.780014
f 222/1099/477 226/1100/477 221/1101/478

vt 4.76954 15.864
vt 6.20749 15.7323
vn 0.670631 0.035869 0.740924
vt 5.67486 16.4519
f 222/1102/477 223/1103/479 226/1104/477

vt 4.84475 15.1012
vn 0.839119 0.25493 0.48051
vt 5.34316 14.3574
vt 6.1689 14.8307
f 226/1105/480 223/1106/480 224/1107/480

vt 2.80209 1.28988
vn 0.371935 0.928003 0.021778
vt 3.95697 0.587878
vt 2.30937 2.39989
f 226/1108/481 224/1109/481 225/1110/481

vt 2.58089 16.1679
vt 3.83228 17.4259
v 0.0603541 0.433847 -0.0350733
vt 2.73368 16.7755
vn 0.404776 -0.172613 0.897976
f 217/1111/473 138/1112/472 227/1113/482

vt 2.50783 16.4073
vn 0.0983248 0.34739 0.932552
vt 3.58635 17.0905
vt 1.54077 16.9395
f 227/1114/483 138/1115/329 158/1116/328

vt 1.54398 16.6191
vt 2.30944 17.1439
vn 0.00284877 0.00152167 0.999995
vt 1.32556 17.6442
f 216/1117/446 227/1118/484 158/1119/328

vt 2.26446 16.3497
vt 2.4449 16.9497
vt 1.67936 16.425
f 217/1120/447 227/1121/484 216/1122/446

vt 3.1968 11.9236
vt 3.53997 12.8396
v 0.0456281 0.374931 -0.0348796
vt 2.20851 11.6689
vn 0.340432 -0.642439 0.68657
f 103/1123/455 220/1124/457 228/1125/485

vt 1.90584 14.2522
vn 0.0129562 -0.20372 0.978943
vt 3.39249 15.2182
vn 0.082801 -0.192164 0.977863
vt 1.76276 15.065
f 228/1126/486 220/1127/487 218/1128/486

vt 1.71326 14.1021
vt 1.59387 14.9188
v 0.0195632 0.374167 -0.0365699
vt 0.684946 14.0713
vn -0.0569536 -0.214255 0.975116
f 228/1129/486 218/1130/486 229/1131/488

vt 0.4876 14.5717
vn 0.00119922 -0.163677 0.986513
vt 1.41237 15.4018
vn -0.186332 -0.0753576 0.979593
vt 0.44307 15.7014
f 229/1132/489 218/1133/490 215/1134/445

vt 0.76014 14.6009
vt 0.701012 15.73
v -0.0155958 0.375799 -0.0367056
vt -0.624076 14.6653
vn -0.0449806 -0.135543 0.98975
f 229/1135/489 215/1136/445 230/1137/491

vt -0.599984 14.6111
vt 0.723731 15.6775
vt -0.929873 15.6417
f 230/1138/491 215/1139/445 213/1140/442

vt -0.307609 14.7538
vn 0.203105 -0.0240919 0.978861
vt -0.648749 15.7808
vt -1.38872 15.5089
f 230/1141/492 213/1142/492 212/1143/492

vt -0.51745 14.1232
vn 0.0643303 -0.216535 0.974153
vt -1.58568 14.8964
vn -0.00843386 -0.205904 0.978536
v -0.0456033 0.374741 -0.0349591
vt -1.70081 14.0806
f 230/1144/493 212/1145/494 231/1146/494

vt -1.90311 14.2354
vt -1.76306 15.0473
v -0.0838776 0.398758 -0.0333663
vt -3.39962 15.1993
vn -0.0811522 -0.194157 0.977608
f 231/1147/494 212/1148/494 232/1149/495

vt -1.73478 15.5878
vt -3.16731 16.4614
vt -3.37155 15.7374
vn -0.0565838 0.0871851 0.994584
f 212/1150/438 211/1151/440 232/1152/496

vt -3.5191 15.6209
vn -0.234 0.135945 0.962685
vt -3.32963 16.349
vt -4.66651 16.4275
f 232/1153/497 211/1154/497 210/1155/497

vt -3.5539 15.6727
vn -0.36396 -0.0567568 0.929684
vt -4.70564 16.4731
v -0.120677 0.404427 -0.047427
vt -5.10482 15.8963
f 232/1156/498 210/1157/498 233/1158/498

vt -4.55552 16.2559
vn -0.578003 0.114127 0.808015
vt -5.74277 16.2607
vt -4.95054 15.6761
f 210/1159/499 209/1160/499 233/1161/499

vt -4.78611 15.9732
vn -0.666259 -0.033825 0.744953
vt -5.5809 16.5544
v -0.148034 0.400794 -0.0720585
vt -6.23538 15.8302
f 233/1162/500 209/1163/500 234/1164/500

vt -4.77796 15.2487
vt -6.61152 14.8342
vt -5.40926 14.5042
vn -0.836722 0.234172 0.495035
f 209/1165/430 207/1166/428 234/1167/501

vt -5.17458 15.7583
vn -0.890885 0.00533408 0.454198
vt -6.37932 16.0791
vn -0.926446 0.0401542 0.37428
v -0.165122 0.379285 -0.105322
vt -6.64687 14.9114
vn -0.927949 -0.0252187 0.371854
f 234/1168/502 207/1169/503 235/1170/504

vt -5.90846 15.9521
v -0.172696 0.386978 -0.126075
vt -7.04338 15.087
vn -0.963974 0.0184998 0.265351
vt -6.17367 14.7839
f 207/1171/503 236/1172/505 235/1173/504

vt -5.71539 15.637
vt -6.12479 16.8761
vn -0.944043 0.141481 0.297936
vt -6.84828 14.7692
f 207/1174/503 206/1175/506 236/1176/505

vt -6.49496 14.5722
vt -5.78541 16.6839
v -0.170428 0.474194 -0.155196
vt -7.58346 18.0259
vn -0.962422 0.14267 0.231062
f 236/1177/505 206/1178/506 237/1179/507

vt -6.25521 15.8109
vt -6.55771 17.7127
vn -0.914581 0.231624 0.331499
vt -8.03083 17.1825
f 206/1180/506 201/1181/508 237/1182/507

vt -7.01187 15.9215
vt -6.25996 17.4308
vt -7.22407 17.8355
f 206/1183/426 203/1184/414 201/1185/416

vt 3.44902 -0.217216
vn -0.141729 0.944173 -0.297406
v -0.154596 0.48023 -0.143579
vt 3.06268 -1.06141
vt 3.4286 -1.7827
f 201/1186/509 238/1187/509 237/1188/509

vt 8.13444 4.91285
vn 0.177897 0.93919 -0.293725
vt 7.68061 5.72276
vt 7.54341 5.4995
f 238/1189/510 201/1190/410 200/1191/412

vt 5.84502 9.47764
vn 0.718058 -0.695602 -0.0230447
vt 5.0609 9.75805
v -0.158524 0.476065 -0.140225
vt 5.71801 9.24938
f 238/1192/511 200/1193/511 239/1194/511

v -0.164059 0.472929 -0.156696
vt -7.3754 13.0022
vn -0.825237 0.536959 0.175096
vt -6.69581 13.1486
vt -5.98667 13.5817
f 240/1195/512 239/1196/512 200/1197/512

vt 8.89466 3.2599
vn 0.137306 0.963557 -0.229574
vt 8.18989 3.53521
vt 8.70977 3.07371
f 237/1198/513 239/1199/513 240/1200/513

vt 8.72037 9.85991
vn 0.538547 -0.774669 -0.331445
vt 8.00417 10.2357
vt 7.97276 9.97636
f 237/1201/514 238/1202/514 239/1203/514

v -0.180532 0.436199 -0.196584
vt 6.96536 5.77955
vn -0.00209104 0.702737 -0.711447
vt 6.59733 7.99666
vn -0.0122927 0.738095 -0.674585
vt 6.34553 7.92284
vn 0.00110908 0.735397 -0.677635
f 241/1204/515 237/1205/516 240/1206/517

vt -6.88242 17.7414
vt -8.54822 16.2327
vn -0.985912 0.123865 0.112408
v -0.181765 0.406431 -0.174599
vt -7.69502 15.0507
vn -0.986731 0.0504224 0.154333
f 237/1207/507 241/1208/518 242/1209/519

vt -8.44094 16.3174
v -0.185432 0.412289 -0.216069
vt -9.22404 15.3694
vn -0.98958 0.101763 0.101866
vt -7.58521 15.1372
f 241/1210/518 243/1211/520 242/1212/519

vt 7.2069 7.13669
vn -0.0240132 0.637208 -0.770318
vt 7.0224 8.35233
v -0.173956 0.435381 -0.197325
vt 6.76319 8.31072
vn -0.0111939 0.670383 -0.741931
f 243/1213/521 241/1214/515 244/1215/522

vt 7.27092 6.13256
vt 6.58904 8.25693
vt 7.01269 6.08522
f 241/1216/515 240/1217/517 244/1218/522

v -0.175204 0.406016 -0.175715
vt 7.69992 15.0682
vn 0.983314 -0.084211 -0.161252
vt 8.53856 16.2342
vn 0.985971 -0.124086 -0.111641
vt 6.90366 17.7251
vn 0.961077 -0.152665 -0.230271
f 245/1219/523 244/1220/524 240/1221/525

vt 7.59974 15.147
v -0.178823 0.411804 -0.216816
vt 9.22392 15.3765
vn 0.990194 -0.0736369 -0.118712
vt 8.44077 16.3113
f 245/1222/523 246/1223/526 244/1224/524

v -0.178805 0.349346 -0.191298
vt 8.15322 13.5064
vn 0.980916 0.0367985 -0.190917
vt 9.15355 15.9671
vt 7.52917 15.7391
f 247/1225/527 246/1226/526 245/1227/523

vt 8.55859 13.3525
v -0.182898 0.378225 -0.228359
vt 10.0247 14.4918
vn 0.987153 -0.0533522 -0.150606
vt 9.55044 15.8167
f 247/1228/527 248/1229/528 246/1230/526

vt 8.45477 13.4946
v -0.18437 0.347167 -0.229451
vt 9.97275 13.4087
vn 0.989469 0.00531797 -0.144649
vt 9.92193 14.6325
f 247/1231/527 249/1232/529 248/1233/528

vt 8.48617 14.0422
v -0.182959 0.316952 -0.230766
vt 10.0471 12.7651
vn 0.983453 0.0560593 -0.172274
vt 10.0041 13.9563
f 247/1234/527 250/1235/530 249/1236/529

v -0.174259 0.308363 -0.187273
vt 8.48043 12.585
vn 0.985843 0.00144337 -0.167668
vt 10.2264 12.9246
vt 8.66834 14.2053
f 251/1237/531 250/1238/530 247/1239/527

vt 8.55037 12.2664
v -0.182058 0.275213 -0.231461
vt 10.3167 10.9609
vn 0.991626 0.00372289 -0.129087
vt 10.2966 12.6047
f 251/1240/531 252/1241/532 250/1242/530

v -0.178671 0.269125 -0.196504
vt 8.47056 10.0342
vn 0.995858 0.0227953 -0.0880224
vt 9.85314 10.2748
vt 8.09008 11.5847
f 253/1243/533 252/1244/532 251/1245/531

v -0.17793 0.217908 -0.231745
vt 9.67989 9.00422
vn 0.98248 0.134506 -0.129003
vt 9.6824 11.2662
vt 8.29978 11.0259
f 254/1246/534 252/1247/532 253/1248/533

v -0.184466 0.216907 -0.230884
vt 6.01941 8.58383
vn -0.128933 -0.0157066 -0.991529
vt 5.92246 10.8794
vn -0.131475 0.0016171 -0.991318
vt 5.75988 8.62325
vn -0.15663 -0.0296286 -0.987213
f 255/1249/535 252/1250/536 254/1251/537

vt 5.99895 8.58302
v -0.188666 0.275048 -0.230581
vt 6.16445 10.8721
vn -0.146253 0.00956082 -0.989201
vt 5.90198 10.8786
f 255/1252/535 256/1253/538 252/1254/536

v -0.180827 0.217831 -0.20644
vt -9.10296 8.97293
vn -0.976077 -0.169137 0.136626
vt -10.0889 11.2315
vn -0.989628 -0.0875264 0.113913
vt -10.0759 8.93646
vn -0.978145 -0.142922 0.151016
f 257/1255/539 256/1256/540 255/1257/541

vt -8.66161 9.19509
v -0.185314 0.26906 -0.195917
vt -8.26248 11.2228
vn -0.996928 -0.0122818 0.0773529
vt -9.63334 11.4598
f 257/1258/539 258/1259/542 256/1260/540

vt -8.2535 11.2224
vt -8.6529 9.19482
v -0.179631 0.232893 -0.17086
vt -7.25269 9.79096
vn -0.991752 -0.107787 0.0693591
f 258/1261/542 257/1262/539 259/1263/543

v -0.16712 0.185771 -0.180529
vt -8.05717 8.53446
vn -0.935499 -0.283637 0.210692
vt -7.75908 10.4685
vn -0.94077 -0.261114 0.216267
vt -9.1497 9.85027
f 260/1264/544 259/1265/545 257/1266/539

v -0.158067 0.17638 -0.147107
vt -6.82985 8.10175
vn -0.919004 -0.323056 0.22598
vt -7.90424 10.4237
vt -8.18862 8.4876
f 261/1267/546 259/1268/545 260/1269/544

vt -8.41725 10.0955
vt -7.28409 7.80164
v -0.169673 0.230066 -0.138748
vt -7.09389 9.98071
vn -0.903825 -0.226261 0.363188
f 259/1270/545 261/1271/546 262/1272/547

vt -8.39282 9.26879
vn -0.72338 -0.222818 0.653508
vt -8.37783 7.08148
vn -0.779263 -0.23906 0.579309
v -0.14908 0.186979 -0.130644
vt -7.64781 7.51332
vn -0.746322 -0.222363 0.627343
f 262/1273/548 261/1274/549 263/1275/550

vt -8.34263 7.13348
v -0.123283 0.120637 -0.120655
vt -6.69541 4.88343
vn -0.789327 -0.220654 0.572952
vt -7.61026 7.56132
f 261/1276/549 264/1277/551 263/1278/550

vt -6.11067 5.5317
vn -0.850982 -0.40826 0.330384
vt -7.55349 7.91798
v -0.141695 0.129687 -0.16051
vt -7.83238 5.91913
vn -0.878383 -0.351759 0.323588
f 264/1279/552 261/1280/546 265/1281/553

vt -6.69945 8.37395
vt -8.05498 8.771
vt -7.11903 6.39983
f 261/1282/546 260/1283/544 265/1284/553

vt -7.9617 5.66829
vt -9.07032 7.96381
v -0.156799 0.138106 -0.191087
vt -9.30105 6.01289
vn -0.907416 -0.265777 0.325512
f 265/1285/553 260/1286/544 266/1287/554

vt -8.69962 6.35996
vt -8.38383 8.29894
v -0.173265 0.166556 -0.230348
vt -10.3503 7.51729
vn -0.953105 -0.207828 0.219997
f 266/1288/554 260/1289/544 267/1290/555

vt -8.35393 8.2674
vt -9.4661 9.56666
vt -10.3216 7.4887
f 260/1291/544 257/1292/539 267/1293/555

vt -9.13458 9.60871
vt -10.1075 9.57147
vt -10.0182 7.54257
f 257/1294/539 255/1295/541 267/1296/555

vt 5.63568 6.92982
vn -0.169894 -0.0422173 -0.984558
vt 6.07057 8.91357
vt 5.81105 8.95302
f 267/1297/556 255/1298/535 254/1299/537

vt 4.71334 7.02565
vt 4.8809 9.04951
v -0.166918 0.167966 -0.231812
vt 4.45691 7.08122
vn -0.214658 -0.0460404 -0.975604
f 267/1300/556 254/1301/537 268/1302/557

vt 10.0383 7.54118
vn 0.953134 0.208028 -0.219684
vt 10.1032 9.55357
v -0.174329 0.219013 -0.20735
vt 9.13242 9.59811
vn 0.970241 0.1914 -0.148316
f 268/1303/558 254/1304/534 269/1305/559

vt 10.0786 9.17136
vt 8.7115 11.2019
vt 9.10773 9.21518
f 254/1306/534 253/1307/533 269/1308/559

v -0.173181 0.234197 -0.171929
vt 7.27021 9.81497
vn 0.991819 0.107968 -0.0681039
vt 8.66411 9.21403
vt 8.25142 11.1974
f 270/1309/560 269/1310/559 253/1311/533

vt 9.14791 9.82171
vt 7.76384 10.445
vn 0.940971 0.261575 -0.214832
v -0.160851 0.18762 -0.181823
vt 8.07153 8.53311
vn 0.935712 0.283987 -0.209271
f 269/1312/559 270/1313/561 271/1314/562

vt 8.1747 8.49421
vt 7.87815 10.4078
v -0.152168 0.178362 -0.149474
vt 6.86052 8.11382
vn 0.919782 0.323237 -0.222528
f 271/1315/562 270/1316/561 272/1317/563

v -0.163849 0.231785 -0.141477
vt 7.12789 9.98912
vn 0.90389 0.22739 -0.362321
vt 7.30426 7.82041
vt 8.38157 10.087
f 273/1318/564 272/1319/563 270/1320/561

v -0.144928 0.188174 -0.135682
vt 7.70678 7.49515
vn 0.744226 0.225104 -0.628853
vt 8.31144 7.09556
vn 0.77897 0.239711 -0.579434
vt 8.33961 9.27125
vn 0.720541 0.225486 -0.655726
f 274/1321/565 272/1322/566 273/1323/567

vt 7.67544 7.55096
v -0.117933 0.122459 -0.12416
vt 6.68374 4.89664
vn 0.788555 0.223481 -0.572919
vt 8.28224 7.15465
f 274/1324/565 275/1325/568 272/1326/566

vt 7.51029 7.33892
vn 0.433622 0.0158182 -0.900956
v -0.124809 0.153318 -0.126611
vt 6.64239 5.96602
vt 6.35742 4.75053
vn 0.454278 0.030505 -0.890338
f 274/1327/569 276/1328/569 275/1329/570

v -0.136394 0.194299 -0.131809
vt 7.0327 7.64676
vn 0.412639 0.00111938 -0.910894
vt 6.53276 6.03334
vt 7.40166 7.40559
f 277/1330/571 276/1331/569 274/1332/569

vt 6.92661 5.95171
vn 0.600869 0.0558364 -0.797395
vt 7.41379 7.56903
vn 0.602311 0.0694126 -0.795238
v -0.115138 0.151157 -0.119475
vt 6.4535 5.86643
f 276/1333/572 277/1334/573 278/1335/572

vt 1.59523 8.3059
vn 0.737574 0.494783 0.459537
vt 1.56483 10.2604
v -0.125008 0.168235 -0.122022
vt 1.47486 9.0796
f 278/1336/574 277/1337/574 279/1338/574

v -0.119429 0.165893 -0.111819
vt 6.01956 6.87705
vn 0.863016 0.184482 -0.470286
vt 6.47691 6.97165
vn 0.876067 0.222003 -0.428044
vt 7.01991 8.02406
f 280/1339/575 279/1340/576 277/1341/575

vt 5.89897 7.01027
vn 0.794821 0.445527 -0.412026
vt 6.10945 6.36868
vn 0.781252 0.452839 -0.429631
vt 6.35473 7.11228
vn 0.831026 0.427123 -0.356318
f 280/1342/577 278/1343/578 279/1344/579

v -0.093661 0.148376 -0.087427
vt 4.86561 5.79583
vn 0.753872 0.464252 -0.464916
vt 6.3834 5.9193
vt 6.21558 6.57334
f 281/1345/580 278/1346/578 280/1347/577

vt 4.86493 5.78855
v -0.0779093 0.124015 -0.0863693
vt 4.50409 4.70414
vn 0.7529 0.466686 -0.464053
vt 6.3827 5.91237
f 281/1348/580 282/1349/581 278/1350/578

v -0.040522 0.118114 -0.0562089
vt 2.66321 4.10252
vn 0.621941 0.320171 -0.714618
vt 4.55213 4.35257
vn 0.65895 0.279663 -0.698264
vt 5.0429 5.38469
vn 0.615699 0.355911 -0.703024
f 283/1351/582 282/1352/583 281/1353/584

vt 4.5427 4.58776
vt 2.65244 4.34796
v -0.0420371 0.0980556 -0.0642635
vt 2.90442 3.53295
vn 0.641846 0.278534 -0.71446
f 282/1354/583 283/1355/582 284/1356/585

v -0.0148964 0.114384 -0.0459122
vt 1.28272 3.82673
vn 0.443504 0.245327 -0.862043
vt 2.55457 3.14896
vn 0.438346 0.243713 -0.865134
vt 2.36889 3.98158
vn 0.392985 0.315337 -0.863786
f 285/1357/586 284/1358/587 283/1359/588

vt 1.39316 4.22077
v -0.0140538 0.0948736 -0.0492654
vt 1.42855 3.44149
vn 0.530164 0.165815 -0.831524
vt 2.67833 3.56859
f 285/1360/586 286/1361/589 284/1362/587

vt 1.5343 4.26141
v -0.00841986 0.087056 -0.04678
vt 1.34769 3.17105
vn 0.578109 0.162405 -0.799634
vt 1.58477 3.48297
f 285/1363/586 287/1364/590 286/1365/589

v -0.00430375 0.114883 -0.0445434
vt 0.38787 4.40952
vn 0.125084 0.0610921 -0.990264
vt 0.559679 3.31191
vt 0.80837 4.38981
f 288/1366/591 287/1367/591 285/1368/591

vt 0.0570718 4.34764
vn -0.0636226 0.0893028 -0.99397
v -0.00299258 0.0930548 -0.0465885
vt 0.000413222 3.4848
vt 0.213168 3.24768
f 288/1369/592 289/1370/592 287/1371/592

vt 0.563491 4.32416
vn 0.225988 0.104315 -0.968529
v 0.00295602 0.0919042 -0.0453244
vt 0.292137 3.4145
vt 0.531516 3.46005
f 288/1372/593 290/1373/593 289/1374/593

vt 0.0375896 4.50472
vn -0.0749092 0.0102254 -0.997138
v 0.0142133 0.115571 -0.0459274
vt -0.693463 4.5318
vn -0.126212 0.0347744 -0.991394
vt -0.249728 3.59998
f 288/1375/594 291/1376/595 290/1377/595

vt 0.0146106 3.65212
vn 0.0121605 0.298829 -0.954229
v 0.0135273 0.131947 -0.0399094
vt -0.668642 4.36666
vn -0.0195802 0.26428 -0.964247
vt -0.716376 3.68092
vn -0.082654 0.340703 -0.936531
f 288/1378/596 292/1379/597 291/1380/598

vt 0.188902 3.93678
v -0.01317 0.130789 -0.040507
vt 0.53618 4.58379
vn 0.0441994 0.250714 -0.967052
vt -0.51509 4.63091
f 288/1381/596 293/1382/599 292/1383/597

vt 0.367398 3.79519
vt 0.787854 3.77455
vn 0.10825 0.300799 -0.947524
vt 0.696168 4.45179
f 288/1384/596 285/1385/600 293/1386/599

vt 1.2174 3.97543
v -0.0457405 0.136144 -0.0520371
vt 2.43419 4.86208
vn 0.369369 0.243809 -0.89673
vt 1.07507 4.64386
vn 0.356644 0.208207 -0.910744
f 285/1387/586 294/1388/601 293/1389/602

vt 1.282 3.83584
vt 2.3682 3.99051
vt 2.48725 4.73812
f 285/1390/586 283/1391/588 294/1392/601

vt 2.65294 4.15184
vt 5.04023 5.41982
vt 2.70144 4.90732
vn 0.61316 0.342199 -0.711994
f 283/1393/582 281/1394/584 294/1395/603

v -0.0474151 0.14693 -0.0576789
vt 2.78984 5.75662
vn 0.480557 -0.300766 -0.823775
vt 2.61566 5.30535
vn 0.454301 -0.356517 -0.816398
vt 4.9546 5.81714
vn 0.506234 -0.239383 -0.828506
f 295/1396/604 294/1397/605 281/1398/606

vt 2.6719 5.82391
v -0.0228885 0.139987 -0.0426432
vt 1.54463 5.52927
vn 0.405726 -0.373395 -0.834244
vt 2.51546 5.36619
f 295/1399/604 296/1400/607 294/1401/605

v -0.0212611 0.145299 -0.0456232
vt 1.46501 5.54339
vn 0.325455 -0.536502 -0.778617
vt 1.47888 5.29558
vt 2.59809 5.61946
f 297/1402/608 296/1403/608 295/1404/608

v -0.00420976 0.144717 -0.0421684
vt 0.459663 5.70306
vn 0.139732 -0.463968 -0.874762
vt 1.18655 5.48524
vt 1.14447 5.72985
vn 0.152739 -0.518697 -0.841204
f 298/1405/609 296/1406/609 297/1407/610

vt 0.393416 5.86396
v 0.00149985 0.138767 -0.0386935
vt 0.151889 5.60746
vn 0.126127 -0.407249 -0.904566
vt 1.12433 5.66005
f 298/1408/609 299/1409/611 296/1410/609

vt -0.186704 5.3901
vn -0.098921 -0.502926 -0.85865
vt 0.0258077 5.6711
vn -0.0699723 -0.552289 -0.830711
v 0.016483 0.144632 -0.0438551
vt -0.791568 5.6671
f 299/1411/612 298/1412/613 300/1413/612

v -0.00470811 0.147716 -0.0362918
vt 0.080073 1.38316
vn 0.0191735 0.884036 -0.467025
vt -0.773815 1.11796
vn -0.100415 0.874496 -0.474525
vt 0.0435378 1.12525
vn 0.0801348 0.880688 -0.466869
f 301/1414/614 300/1415/615 298/1416/616

vt 0.036193 1.66778
v 0.0175719 0.147939 -0.0382272
vt -0.844146 1.68531
vn -0.133764 0.865532 -0.482661
vt -0.824484 1.42552
f 301/1417/614 302/1418/617 300/1419/615

vt 0.810852 5.73988
vn 0.101115 0.466245 0.878858
vt -0.069602 5.72964
vn 0.0691657 0.51332 0.855406
v 0.00154918 0.140064 -0.032206
vt 0.162983 5.37862
f 302/1420/618 301/1421/619 303/1422/618

v -0.0248761 0.141444 -0.0364981
vt -1.16983 5.63655
vn -0.143748 0.432958 0.889879
vt -0.116072 5.57774
vn -0.128549 0.383269 0.914648
vt -0.382412 5.90389
f 304/1423/620 303/1424/621 301/1425/620

vt -0.139068 5.58155
vn -0.156885 0.0615479 0.985697
vt -1.19306 5.63597
v -0.0144137 0.129697 -0.0340993
vt -0.77143 5.17261
f 303/1426/622 304/1427/622 305/1428/622

v -0.0491633 0.13594 -0.0463624
vt -2.45453 5.18718
vn -0.358736 -0.210428 0.909411
vt -1.00406 4.93953
vn -0.370124 -0.221252 0.90225
vt -1.42283 5.40548
vn -0.349691 -0.12177 0.928918
f 306/1429/623 305/1430/624 304/1431/625

vt -1.03735 4.57083
vt -2.48611 4.82827
v -0.0439218 0.116252 -0.05083
vt -2.36261 4.01642
vn -0.407197 -0.254194 0.877255
f 305/1432/624 306/1433/623 307/1434/626

vt -2.6587 5.02589
vn -0.615724 -0.341981 0.709882
v -0.082367 0.121902 -0.0819247
vt -4.56462 4.44105
vn -0.650002 -0.291368 0.701856
vt -2.61945 4.20564
vn -0.627455 -0.287944 0.723456
f 306/1435/627 308/1436/628 307/1437/629

vt -2.65755 4.95533
v -0.0982403 0.147395 -0.082718
vt -5.05595 5.43805
vn -0.608414 -0.356782 0.708899
vt -4.56138 4.36372
f 306/1438/627 309/1439/630 308/1440/628

v -0.0979944 0.160247 -0.0853299
vt -5.0835 6.31169
vn -0.521661 0.223228 0.823431
vt -5.03306 5.79771
vn -0.534313 0.178136 0.826303
vt -2.62983 5.33966
vn -0.492409 0.275268 0.825688
f 310/1441/631 309/1442/632 306/1443/633

v -0.122257 0.181899 -0.10465
vt -6.25065 7.23057
vn -0.508873 0.180767 0.841648
vt -4.99475 5.84936
vt -5.03967 6.36386
f 311/1444/634 309/1445/632 310/1446/631

vt -6.31683 7.17578
vn -0.705928 -0.0428706 0.706985
v -0.124804 0.16425 -0.108263
vt -6.48833 6.48031
vt -5.03767 5.81609
vn -0.706459 -0.0426875 0.706465
f 311/1447/635 312/1448/635 309/1449/636

v -0.137535 0.202638 -0.11862
vt -7.13184 7.99268
vn -0.705397 -0.0430536 0.707504
vt -6.48901 6.47996
vt -6.31756 7.17544
f 313/1450/637 312/1451/635 311/1452/635

vt -5.89858 8.7231
vn -0.937566 -0.244081 0.24778
v -0.129666 0.165237 -0.125687
vt -6.08843 7.20472
vn -0.915906 -0.323796 0.23722
vt -5.3763 7.16464
f 313/1453/638 314/1454/639 312/1455/639

vt -7.01466 8.05474
vn -0.707103 -0.318108 0.631516
v -0.140344 0.192925 -0.126658
vt -7.33204 7.65743
vt -7.04291 6.5248
vn -0.758004 -0.271543 0.593038
f 313/1456/640 315/1457/640 314/1458/641

v -0.149158 0.214438 -0.123568
vt -7.59964 8.09616
vn -0.65179 -0.362687 0.666054
vt -7.43671 7.18732
vt -7.13634 7.59764
f 316/1459/642 315/1460/640 313/1461/640

vt -6.96762 7.4441
vn -0.26196 -0.241507 0.934372
vt -7.03985 6.33006
vt -6.66633 6.57131
f 316/1462/643 263/1463/643 315/1464/643

vt -8.60915 9.00826
vt -7.79957 7.28162
vt -7.61121 8.38199
vn -0.672223 -0.186525 0.716467
f 262/1465/548 263/1466/550 316/1467/644

v -0.147687 0.233204 -0.10059
vt -6.45712 9.32795
vn -0.710951 -0.521696 0.471573
vt -8.18941 9.18457
vn -0.72784 -0.507566 0.461114
vt -7.25231 8.47047
vn -0.712323 -0.513988 0.477925
f 317/1468/645 262/1469/646 316/1470/647

vt -6.39255 9.6306
vn -0.798409 -0.248593 0.548402
v -0.160448 0.267689 -0.103537
vt -6.75116 11.0379
vn -0.862014 -0.126749 0.490782
vt -8.12603 9.50255
f 317/1471/648 318/1472/649 262/1473/547

vt -7.09582 10.8275
vt -6.6958 9.4314
v -0.135622 0.250495 -0.0783297
vt -5.71239 10.1314
vn -0.767605 -0.233037 0.597056
f 318/1474/649 317/1475/648 319/1476/650

vt -6.05279 9.30969
vn -0.58363 -0.456934 0.671259
vt -6.98628 8.54437
vn -0.585223 -0.447569 0.676163
v -0.114831 0.226297 -0.0767259
vt -5.39368 8.23865
f 319/1477/651 317/1478/652 320/1479/652

vt -6.98992 8.60141
v -0.134659 0.217115 -0.0997172
vt -6.57893 7.89676
vn -0.586749 -0.438154 0.680989
vt -5.3967 8.29889
f 317/1480/652 321/1481/653 320/1482/652

vt -6.5695 9.10144
vt -7.34556 8.22661
vt -6.24869 8.35142
vn -0.677477 -0.533175 0.506704
f 317/1483/645 316/1484/647 321/1485/654

vt -6.23657 8.48222
vt -7.33379 8.36064
vt -6.91427 7.82476
vn -0.6878 -0.522002 0.504425
f 321/1486/654 316/1487/647 313/1488/655

vt -6.36119 8.12
vt -7.01657 7.44029
v -0.131848 0.206377 -0.107435
vt -6.53193 7.61586
vn -0.649596 -0.548509 0.526463
f 321/1489/654 313/1490/655 322/1491/656

vt -6.32386 8.4179
vn -0.851685 -0.283531 0.44073
vt -6.81621 8.26525
vn -0.821164 -0.26416 0.505874
vt -6.03245 7.4187
vn -0.842802 -0.323534 0.430129
f 322/1492/657 313/1493/658 311/1494/659

v -0.118555 0.188769 -0.0903965
vt -5.10163 7.96107
vn -0.819906 -0.356549 0.447914
vt -5.92375 8.68809
vt -5.67507 7.67741
f 323/1495/660 322/1496/657 311/1497/659

v -0.125046 0.208881 -0.0967277
vt -5.89292 8.37662
vn -0.830091 -0.0949018 0.549494
vt -6.39226 8.27762
vt -5.54403 7.58125
f 324/1498/661 322/1499/661 323/1500/661

vt -6.41337 7.98008
vt -6.57532 7.47305
vt -6.08018 7.59125
vn -0.639332 -0.552101 0.5352
f 321/1501/654 322/1502/656 324/1503/662

vt -5.39664 8.29992
vn -0.534094 -0.483364 0.693616
vt -6.57889 7.89785
vn -0.586883 -0.437933 0.681016
vt -6.21534 7.53723
f 320/1504/663 321/1505/664 324/1506/663

vt -5.43701 7.6006
vt -6.21267 6.79418
v -0.104524 0.21316 -0.0795454
vt -5.1641 6.99233
vn -0.478629 -0.526373 0.702742
f 320/1507/663 324/1508/663 325/1509/665

vt -6.21532 8.16176
vn -0.662464 0.0521214 0.747279
v -0.112339 0.202377 -0.0850098
vt -5.5352 7.9047
vn -0.669954 0.0428555 0.741164
vt -5.16169 8.33091
vn -0.650263 0.0889419 0.754484
f 324/1510/666 326/1511/667 325/1512/668

vt -5.52323 7.95898
vt -6.20373 8.21505
vt -5.84697 7.42317
vn -0.679343 0.0334451 0.733059
f 326/1513/667 324/1514/666 323/1515/669

vt -5.51498 7.95092
vt -5.83855 7.41501
v -0.0970461 0.184212 -0.0700337
vt -4.67245 7.23556
vn -0.585882 0.166722 0.793061
f 326/1516/667 323/1517/669 327/1518/670

vt -4.67579 7.20376
vt -5.84185 7.38349
v -0.0920221 0.169506 -0.0641436
vt -4.37305 6.62369
vn -0.626521 0.0957635 0.773499
f 327/1519/670 323/1520/669 328/1521/671

vt -5.59758 7.60405
v -0.0933023 0.15941 -0.0719402
vt -4.43097 6.38279
vn -0.785781 -0.359493 0.503302
vt -4.15101 6.80273
vn -0.773722 -0.322852 0.545087
f 323/1522/660 329/1523/672 328/1524/673

vt -4.2907 6.46171
vt -5.41742 7.71986
v -0.109969 0.169518 -0.0920815
vt -5.30563 6.89487
vn -0.80829 -0.398453 0.433477
f 329/1525/672 323/1526/660 330/1527/674

vt -5.26145 7.85106
vt -5.82897 7.55573
vt -5.17078 7.02348
f 323/1528/660 311/1529/659 330/1530/674

vt 0.622636 9.27877
vn -0.398571 -0.817536 -0.415663
vt 0.459599 7.79854
vt 0.615909 8.43234
f 311/1531/675 310/1532/675 330/1533/675

vt -5.55953 6.37402
vn -0.67937 -0.462802 0.569447
vt -5.05297 5.96229
v -0.0874082 0.155506 -0.0765536
vt -4.52043 5.75171
f 330/1534/676 310/1535/676 331/1536/676

vt 4.21912 5.50562
vn 0.21882 -0.723445 -0.654786
vt 4.72392 5.77601
v -0.0702049 0.150587 -0.0653699
vt 3.43718 5.22512
f 331/1537/677 310/1538/677 332/1539/677

vt 5.06914 6.34207
vn 0.543377 -0.145257 -0.826826
v -0.0506695 0.148815 -0.0522202
vt 2.7962 5.88714
vt 3.72326 5.95767
f 310/1540/678 333/1541/678 332/1542/678

vt -5.04111 6.26571
vt -2.60167 5.25849
vt -2.77201 5.79198
vn -0.45623 0.323756 0.828876
f 310/1543/631 306/1544/633 333/1545/679

vt -2.54511 5.30228
vt -1.51594 5.53225
vn -0.418735 0.335043 0.844042
vt -2.70073 5.84025
f 306/1546/633 304/1547/680 333/1548/679

vt -2.6454 5.62721
vn -0.342934 0.498369 0.796257
vt -1.46789 5.29248
v -0.0228824 0.14871 -0.0401869
vt -1.45324 5.62242
f 333/1549/681 304/1550/681 334/1551/681

vt -1.17206 5.8027
vn -0.158471 0.481212 0.862161
vt -1.223 5.47639
vt -0.440603 5.75808
f 334/1552/682 304/1553/620 301/1554/620

vt 1.34513 1.62201
vn 0.160743 0.867056 -0.471567
vt 0.617207 1.53749
vt 0.669937 1.2824
f 334/1555/683 301/1556/614 298/1557/616

vt 1.27152 1.90135
vt 0.579961 1.59644
vt 1.26385 1.64087
vn 0.169614 0.856802 -0.486951
f 334/1558/683 298/1559/616 297/1560/684

vt 2.65382 2.11355
vn 0.208655 0.855258 -0.474338
vt 1.46169 2.10555
vt 1.48943 1.84643
f 333/1561/685 334/1562/683 297/1563/684

vt 2.8198 1.18789
vn 0.193512 0.957202 -0.215215
vt 1.72808 0.70281
vn 0.16656 0.958421 -0.231705
vt 2.8412 0.927785
f 333/1564/686 297/1565/687 295/1566/686

vt 3.76218 2.07338
vn 0.220271 0.955026 -0.198511
vt 2.86271 1.83805
vt 2.93658 1.58775
f 332/1567/688 333/1568/686 295/1569/686

vt -3.18234 5.7044
vn -0.130852 0.687226 0.714562
vt -2.24524 5.50617
v -0.0666953 0.15495 -0.0689227
vt -3.07162 5.94082
f 332/1570/689 295/1571/689 335/1572/689

vt 3.77587 4.84651
vn 0.572849 0.610749 -0.546653
vt 2.93158 4.44775
v -0.0936919 0.16113 -0.0903076
vt 5.11873 5.15382
f 335/1573/690 295/1574/690 336/1575/690

vt 2.79397 5.85367
vt 4.9588 5.91162
vt 5.02071 6.42268
vn 0.506516 -0.188788 -0.841309
f 295/1576/604 281/1577/606 336/1578/691

vt 4.96416 6.46886
vt 4.90704 5.95725
v -0.116981 0.183151 -0.108498
vt 6.11524 7.35216
vn 0.485289 -0.191508 -0.853123
f 336/1579/691 281/1580/606 337/1581/692

vt 5.04261 5.84229
vn 0.700387 0.0377841 -0.712763
vt 6.43927 6.53241
vn 0.697511 0.038724 -0.715527
vt 6.27891 7.21236
f 281/1582/693 280/1583/694 337/1584/694

vt 6.28016 7.21019
vt 6.44031 6.53019
v -0.132493 0.204926 -0.122297
vt 7.09682 8.06816
vn 0.694622 0.0396633 -0.71828
f 337/1585/694 280/1586/694 338/1587/695

vt 6.1982 6.71733
vt 7.21711 7.84788
vt 6.81711 8.27082
vn 0.847064 0.146341 -0.510947
f 280/1588/575 277/1589/575 338/1590/696

vt 7.09584 7.60573
vn 0.652648 0.358043 -0.667724
vt 7.46745 7.15763
v -0.144581 0.217043 -0.127616
vt 7.58254 8.11662
f 338/1591/697 277/1592/697 339/1593/697

vt 6.48738 6.43272
vn 0.239137 0.258642 -0.935905
vt 6.85065 6.18305
vt 6.75879 7.35967
f 277/1594/698 274/1595/698 339/1596/698

vt 7.59032 8.41781
vn 0.666114 0.193284 -0.720371
vt 7.81597 7.25938
vt 8.51779 9.00937
f 339/1597/699 274/1598/565 273/1599/567

vt 7.30229 8.41106
vn 0.705428 0.51308 -0.488999
vt 8.17121 9.08568
vn 0.724161 0.509726 -0.46451
v -0.142847 0.235798 -0.104332
vt 6.49385 9.2693
vn 0.70815 0.523171 -0.474148
f 339/1600/700 273/1601/701 340/1602/702

vt 8.09478 9.5056
v -0.154889 0.268285 -0.107143
vt 6.75414 10.9953
vn 0.862501 0.127944 -0.489614
vt 6.41536 9.66937
vn 0.80012 0.249353 -0.545555
f 273/1603/564 341/1604/703 340/1605/704

vt 7.74391 9.58662
v -0.175574 0.264596 -0.154003
vt 8.3841 10.8962
vn 0.919532 0.15021 -0.363178
vt 6.36763 11.0435
f 273/1606/564 342/1607/705 341/1608/703

vt 8.38624 10.0557
vt 7.73383 11.286
vt 7.13253 9.9581
f 270/1609/561 342/1610/705 273/1611/564

vt 7.16931 9.88687
vt 8.14814 11.271
vt 6.47057 11.0915
vn 0.991918 -0.0175541 -0.125657
f 270/1612/560 253/1613/533 342/1614/706

vt 6.59206 9.99821
vt 8.26972 10.1769
v -0.174401 0.293343 -0.161857
vt 6.89664 11.1322
vn 0.974247 -0.164317 -0.154409
f 342/1615/706 253/1616/533 343/1617/707

vt 6.7297 10.8454
vt 8.10076 9.88725
vt 7.72859 11.4397
f 343/1618/707 253/1619/533 251/1620/531

vt 7.47982 9.3882
vt 8.46388 10.0067
vn 0.941182 -0.293165 -0.168019
v -0.162305 0.322861 -0.145605
vt 6.76623 10.6037
vn 0.940362 -0.275373 -0.199723
f 343/1621/707 251/1622/708 344/1623/709

vt 9.29736 14.0528
vt 7.38637 13.007
vn 0.953887 0.118265 -0.275887
vt 9.09247 12.4346
f 247/1624/527 344/1625/710 251/1626/531

v -0.163521 0.35102 -0.132301
vt 6.67861 14.4255
vn 0.954985 0.125045 -0.269011
vt 7.17281 13.3024
vt 9.07796 14.3588
f 345/1627/711 344/1628/710 247/1629/527

vt 8.51242 12.3899
vn 0.717881 0.322478 -0.616972
vt 8.14642 13.5611
vn 0.728479 0.366749 -0.57863
v -0.147863 0.335509 -0.122189
vt 7.44266 12.9159
vn 0.723364 0.337561 -0.602327
f 344/1630/712 345/1631/713 346/1632/714

v -0.122539 0.355199 -0.0789671
vt 5.4484 13.7226
vn 0.709074 0.405824 -0.576647
vt 7.39887 12.8943
vt 8.09576 13.5468
f 347/1633/715 346/1634/714 345/1635/713

vt 7.50439 11.7616
vn 0.613443 0.522936 -0.591798
vt 5.58782 12.6656
vn 0.61678 0.514473 -0.595735
v -0.121675 0.344709 -0.087131
vt 5.79534 12.184
vn 0.615869 0.515913 -0.595432
f 346/1636/716 347/1637/717 348/1638/718

vt 5.73339 11.2281
vn 0.409173 0.581169 -0.703435
v -0.0981774 0.348671 -0.0701901
vt 4.73057 10.9122
vt 5.86556 10.7205
f 347/1639/719 349/1640/719 348/1641/719

vt 5.68513 12.9257
vn 0.386529 0.407118 -0.827557
v -0.0903057 0.3544 -0.0643047
vt 4.291 12.8924
vn 0.25627 0.434724 -0.863331
vt 4.66968 12.6532
vn 0.397287 0.332695 -0.855264
f 347/1642/720 350/1643/721 349/1644/722

v -0.111329 0.377731 -0.0601183
vt 4.97347 12.9215
vn 0.323925 0.441977 -0.836498
vt 4.29443 11.8751
vt 5.6885 11.911
f 351/1645/723 350/1646/721 347/1647/720

vt 4.88918 13.2293
v -0.0838289 0.37552 -0.052553
vt 3.76694 13.1342
vn 0.158818 0.426037 -0.890657
vt 4.14821 12.2258
f 351/1648/723 352/1649/724 350/1650/721

vt 4.87043 14.3855
vn 0.274686 0.194144 -0.94173
v -0.113788 0.395927 -0.0570844
vt 4.92995 15.1158
vn 0.25897 0.169018 -0.950982
vt 3.74768 14.2967
f 351/1651/725 353/1652/726 352/1653/726

vt 4.91091 15.4508
vn 0.577905 0.318931 -0.751204
vt 4.90859 14.7181
vn 0.59229 0.273016 -0.75806
v -0.139716 0.376204 -0.0828477
vt 6.34024 14.6566
vn 0.591583 0.260091 -0.76314
f 353/1654/727 351/1655/728 354/1656/729

vt 6.34507 14.2223
vt 4.91352 14.2861
vt 5.71726 13.3446
vn 0.577855 0.335037 -0.7442
f 354/1657/729 351/1658/728 347/1659/730

vt 5.46371 13.2372
vt 8.11043 13.0521
vt 6.01078 14.1673
vn 0.754977 0.337349 -0.562321
f 347/1660/715 345/1661/713 354/1662/731

vt 5.82503 14.8504
vt 7.95773 13.7997
v -0.159243 0.380276 -0.108286
vt 7.08632 15.0203
vn 0.772666 0.285796 -0.56684
f 354/1663/731 345/1664/713 355/1665/732

vt 6.92127 14.2357
v -0.166269 0.386958 -0.127845
vt 6.78707 15.6592
vn 0.962003 -0.00479901 -0.272997
vt 5.96936 15.3945
vn 0.929277 0.0221406 -0.368721
f 345/1666/711 356/1667/733 355/1668/734

vt 6.52866 15.6806
vt 6.67095 14.2579
vt 9.07032 14.1916
f 356/1669/733 345/1670/711 247/1671/527

vt 6.17217 15.1744
vt 8.71857 13.6936
vt 8.08934 15.9248
f 356/1672/733 247/1673/527 245/1674/523

vt 8.30358 15.3004
vt 5.71978 16.6139
vn 0.951852 -0.130964 -0.277175
vt 6.38829 14.5452
f 245/1675/523 195/1676/735 356/1677/733

vt 8.35307 15.4366
vt 7.52176 18.0828
vt 5.76795 16.7476
f 245/1678/523 240/1679/525 195/1680/735

vt 8.00117 17.1973
vt 6.58275 17.6998
vn 0.914661 -0.231171 -0.331595
vt 6.27145 15.831
f 240/1681/525 200/1682/736 195/1683/735

vt 7.20176 17.819
vt 6.27792 17.4099
vt 6.9795 15.9376
f 200/1684/408 196/1685/402 195/1686/399

vt 6.83278 14.7924
vt 6.14595 16.8551
v -0.155886 0.408272 -0.102133
vt 5.74337 15.6345
vn 0.927476 -0.0426296 -0.371444
f 356/1687/733 195/1688/735 357/1689/737

vt 7.06182 16.6112
vt 5.35489 16.2461
vt 6.69726 15.3787
vn 0.837702 -0.19678 -0.509445
f 195/1690/399 193/1691/401 357/1692/738

v -0.142883 0.401317 -0.0762294
vt 5.40766 14.5874
vn 0.835705 -0.229121 -0.499099
vt 6.54689 14.8689
vt 5.21273 15.7489
f 358/1693/739 357/1694/738 193/1695/401

vt 6.62981 14.9413
vt 6.35403 16.0435
vt 5.21293 15.7697
vn 0.892826 -0.00808484 -0.450328
f 355/1696/734 357/1697/737 358/1698/740

vt 6.18253 14.8054
vt 7.00071 15.0687
vt 5.90943 15.9083
f 355/1699/734 356/1700/733 357/1701/737

vt 7.21694 14.9595
vt 5.82563 15.8301
vn 0.750325 0.307879 -0.584999
v -0.141705 0.392185 -0.0795244
vt 5.89941 15.4522
vn 0.771505 0.262985 -0.579326
f 355/1702/732 358/1703/741 359/1704/742

vt 6.30552 15.1595
vn 0.55279 0.412866 -0.723854
vt 4.9365 14.9335
vt 6.34561 14.7766
vn 0.57576 0.289652 -0.764593
f 358/1705/743 353/1706/727 359/1707/744

vt 6.27679 14.404
v -0.117222 0.405824 -0.0529105
vt 4.91511 14.6062
vn 0.542687 0.479205 -0.689821
vt 4.91048 14.1623
f 358/1708/743 360/1709/745 353/1710/727

vt 6.19015 15.8509
vn 0.667761 0.0428789 -0.743139
v -0.131574 0.417546 -0.0651303
vt 5.56689 16.4904
vt 4.82505 16.0284
f 358/1711/746 361/1712/746 360/1713/746

vt 5.51279 14.6638
vt 5.30936 15.8238
vt 4.90687 15.3198
vn 0.828154 -0.226496 -0.512699
f 358/1714/739 193/1715/401 361/1716/747

vt 5.74027 14.0171
vn 0.481081 -0.516018 -0.708722
vt 6.05593 14.5796
vn 0.476043 -0.488141 -0.731507
vt 4.74419 14.5304
f 361/1717/748 193/1718/749 191/1719/748

vt 5.70896 13.3113
vt 4.72359 13.8449
v -0.108978 0.417059 -0.0487297
vt 4.60981 13.2885
vn 0.485483 -0.543212 -0.685001
f 361/1720/748 191/1721/748 362/1722/750

vt 4.58214 14.1081
vn 0.16043 -0.567953 -0.807274
vt 4.56265 14.6757
v -0.0780142 0.41435 -0.0406704
vt 3.32462 13.9785
f 362/1723/751 191/1724/751 363/1725/751

vt 3.16495 12.6777
vn 0.0445358 -0.697052 -0.715636
vt 4.33897 13.478
vt 2.2875 12.8569
f 363/1726/752 191/1727/752 190/1728/752

vt 3.00012 16.2426
vn 0.00124939 -0.169313 -0.985562
vt 2.11442 16.3751
vn -0.0663376 -0.256865 -0.964168
v -0.042722 0.394884 -0.0372816
vt 1.61764 15.4524
vn -0.0296891 -0.203275 -0.978671
f 363/1729/753 190/1730/754 364/1731/755

vt 1.5355 15.4077
vt 2.01991 16.337
v -0.0243986 0.401654 -0.0409275
vt 0.803763 15.6845
vn -0.0911377 -0.269629 -0.958642
f 364/1732/755 190/1733/754 365/1734/756

vt 2.28659 16.3984
vn 0.0575257 0.0519074 -0.996994
v -0.0401994 0.419836 -0.0414499
vt 1.68005 16.486
vn 0.00833178 -0.0042121 -0.999956
vt 1.05788 15.7699
vn 0.0017522 -0.00146597 -0.999997
f 190/1735/757 366/1736/758 365/1737/759

vt 2.27447 16.2675
vt 2.38822 16.8658
vn 0.00489688 0.0101021 -0.999937
vt 1.66797 16.3553
f 190/1738/757 189/1739/760 366/1740/758

vt 2.23038 17.1101
vt 1.08094 17.4614
vt 1.50962 16.6004
f 189/1741/760 171/1742/363 366/1743/758

vt 1.51932 16.6018
vt 1.09094 17.463
vt 0.898479 15.8846
f 366/1744/758 171/1745/363 365/1746/759

vt 0.950029 15.8802
vt 1.14547 17.4583
vt -0.733159 15.9199
f 365/1747/759 171/1748/363 169/1749/361

vt 0.944419 15.6064
vt -0.738767 15.6461
v -0.0156883 0.376951 -0.0432201
vt 0.600608 14.6299
vn 0.02771 0.144233 -0.989156
f 365/1750/759 169/1751/361 367/1752/761

vt 0.630328 14.6962
vt -0.710421 15.7106
v 0.0196604 0.375481 -0.0430535
vt -0.761361 14.6382
vn 0.070535 0.136321 -0.988151
f 367/1753/761 169/1754/361 368/1755/762

vt -0.407467 15.6829
vt -1.37622 15.3854
vt -0.444925 14.61
f 169/1756/361 168/1757/351 368/1758/762

vt -0.64249 14.1237
vt -1.56176 14.9133
vt -1.62782 14.2275
f 368/1759/762 168/1760/351 167/1761/353

vt -0.689359 12.6589
vn 0.044748 0.423452 -0.904813
vt -1.67377 12.7711
v 0.0289723 0.364258 -0.0478457
vt -1.0462 12.1711
f 368/1762/763 167/1763/763 369/1764/763

vt -1.91301 9.32815
vn -0.365004 0.753811 -0.546389
vt -2.31112 10.0997
vt -3.25697 10.4058
f 369/1765/764 167/1766/350 121/1767/349

vt -2.07311 8.15887
vt -3.26416 9.40346
v 0.033607 0.362586 -0.0544104
vt -2.37771 8.05095
vn -0.384642 0.792431 -0.473396
f 369/1768/764 121/1769/349 370/1770/765

vt -1.44594 12.3209
vn -0.0978944 0.321434 -0.941858
vt -2.79152 13.2179
vn -0.0714284 0.403565 -0.912158
v 0.0469937 0.355522 -0.0582124
vt -1.98082 12.0186
vn -0.126806 0.414077 -0.901366
f 370/1771/766 121/1772/767 371/1773/768

vt -2.06567 11.8676
vt -2.85708 13.0797
vt -3.48088 12.7437
vn -0.160112 0.425595 -0.890637
f 371/1774/768 121/1775/767 120/1776/769

vt -3.53469 12.4279
vt -3.85009 11.4943
vt -2.13184 11.5322
f 120/1777/769 38/1778/82 371/1779/768

vt -4.88413 13.249
vt -4.14644 12.2429
vt -3.76223 13.1504
f 39/1780/83 38/1781/82 120/1782/769

vt -2.13034 11.2855
vt -3.84858 11.2471
v 0.045395 0.334285 -0.0697787
vt -2.12667 10.3314
vn -0.17885 0.480926 -0.858325
f 371/1783/768 38/1784/82 372/1785/770

vt -2.8719 6.88376
vn -0.291299 0.786627 -0.544393
vt -4.32602 8.18338
vt -3.90334 7.57858
f 372/1786/771 38/1787/771 37/1788/771

vt -3.94183 6.34737
vn -0.336414 0.912824 -0.231471
v 0.0494821 0.334787 -0.073738
vt -3.4959 5.34524
vt -3.27627 5.29681
f 37/1789/772 373/1790/772 372/1791/772

vt -3.14699 9.36355
vn -0.0691966 0.553759 -0.829797
vt -2.36414 9.08553
vn -0.121583 0.593014 -0.79596
vt -3.33616 9.59376
f 10/1792/773 373/1793/774 37/1794/773

vt -2.97415 10.8518
vn -0.0742248 0.443481 -0.893205
v 0.0494606 0.330556 -0.075837
vt -2.18784 10.4162
vt -2.18184 10.6021
f 10/1795/775 374/1796/775 373/1797/775

vt -0.151136 11.4537
vn 0.447643 -0.766428 -0.460656
vt 0.684246 11.0405
vt 0.021996 11.6484
f 11/1798/776 374/1799/776 10/1800/776

vt 0.84999 9.32276
vn 0.388713 -0.892009 -0.230698
v 0.0504379 0.329319 -0.0694102
vt 1.3365 8.62786
vt 1.57373 8.73554
f 11/1801/777 375/1802/777 374/1803/777

vt 3.46702 9.08596
vt 2.51543 8.47719
vn 0.160827 -0.643213 0.748607
vt 3.25792 8.88741
f 12/1804/18 375/1805/778 11/1806/16

vt 0.858015 12.2307
vn -0.42693 0.705323 0.565907
vt -0.0232555 11.6213
vt -0.0605445 11.5731
f 12/1807/779 97/1808/779 375/1809/779

vt -2.94877 10.905
vn -0.3763 0.441598 -0.814487
vt -2.99634 10.9431
vt -2.88262 10.766
f 375/1810/780 97/1811/780 98/1812/780

v 0.0690922 0.325532 -0.0669319
vt 2.27998 12.3863
vn -0.153614 -0.114367 0.98149
vt 1.53931 12.5364
vt 1.45024 12.4109
f 376/1813/781 375/1814/781 98/1815/781

vt 2.50529 13.1155
vn -0.0389773 0.300947 0.952844
v 0.0653731 0.328413 -0.0679938
vt 2.35605 13.2328
vt 1.76548 13.2698
vn -0.0757268 0.257369 0.963341
f 376/1816/782 377/1817/782 375/1818/783

v 0.0836722 0.325248 -0.0667955
vt 3.2883 12.9317
vn -0.00209692 0.343513 0.939146
vt 2.56776 13.0644
vt 2.71427 12.9436
f 378/1819/784 377/1820/782 376/1821/782

vt 3.37525 6.28747
vn 0.137425 0.926914 0.349207
vt 4.02837 5.95548
vn 0.187354 0.919583 0.345348
v 0.0835392 0.327597 -0.072979
vt 4.11264 6.20194
f 377/1822/785 378/1823/786 379/1824/786

vt 4.20589 5.56558
v 0.0987659 0.324211 -0.0745192
vt 4.86738 5.46718
vn 0.236803 0.909897 0.340604
vt 4.34056 5.78855
f 378/1825/786 380/1826/787 379/1827/786

vt -2.52419 -2.18961
vn 0.0230899 0.995803 -0.0885635
v 0.100365 0.324743 -0.068118
vt -3.14697 -2.4067
vn -0.0642453 0.996378 -0.0557099
vt -3.02249 -2.63564
vn -0.0486706 0.996311 -0.0706835
f 378/1828/788 381/1829/789 380/1830/790

vt 3.44695 -1.71718
vn -0.0204566 -0.992498 0.12054
vt 2.80775 -1.55467
vt 2.24092 -1.46324
f 381/1831/791 378/1832/791 376/1833/791

vt 4.06831 12.9797
vn 0.0433668 0.275246 0.960395
vt 2.83626 13.012
v 0.0835901 0.320129 -0.066038
vt 3.40488 12.7907
f 381/1834/792 376/1835/792 382/1836/792

vt 3.04155 12.3384
vn -0.0904276 -0.0783815 0.992814
vt 2.46993 12.5518
vn -0.119901 -0.000182015 0.992786
v 0.0555467 0.320426 -0.0685687
vt 1.933 12.3501
f 382/1837/793 376/1838/794 383/1839/794

vt 2.2972 13.0121
vt 1.46745 13.0366
vn -0.148536 0.0780187 0.985825
vt 1.76026 12.8104
f 376/1840/794 98/1841/795 383/1842/794

vt 2.33087 12.7732
vn -0.00253936 0.267196 0.963639
vt 2.04772 13.0114
vn 0.0516441 0.321777 0.945406
vt 1.89492 12.6641
vn 0.101425 0.325102 0.940224
f 383/1843/796 98/1844/797 99/1845/798

v 0.0594553 0.28697 -0.0583402
vt 2.47665 11.4252
vn 0.0847658 0.275978 0.957419
vt 2.34764 12.8051
vt 1.91147 12.6968
f 384/1846/799 383/1847/796 99/1848/798

v 0.0821193 0.31038 -0.0646237
vt 3.14369 12.4655
vn 0.0530088 0.198257 0.978716
vt 2.0928 12.8786
vt 2.26043 11.5029
f 385/1849/800 383/1850/796 384/1851/799

vt 2.99599 12.5098
vt 3.04875 12.8984
vn -0.0871403 0.155882 0.983924
vt 1.9402 12.9102
f 385/1852/800 382/1853/801 383/1854/796

v 0.107826 0.310784 -0.0688566
vt 4.62549 12.3854
vn 0.14534 0.119105 0.982187
vt 3.66588 12.7559
vn 0.139949 0.0649462 0.988026
vt 3.59979 12.3694
f 386/1855/802 382/1856/803 385/1857/800

vt 4.53957 12.26
vt 4.24445 12.8096
vn 0.119914 0.0115648 0.992717
vt 3.57898 12.6279
f 386/1858/802 381/1859/804 382/1860/803

vt 4.75191 12.6132
vn 0.45833 0.147684 0.876426
vt 5.02401 12.0519
vn 0.500864 0.13929 0.854245
v 0.121318 0.318834 -0.0780796
vt 5.66403 12.3756
vn 0.483684 0.123235 0.866524
f 381/1861/805 386/1862/806 387/1863/807

vt 5.67978 12.5218
vt 5.03679 12.2041
vt 6.51869 12.1859
vn 0.532366 0.0739281 0.84328
f 387/1864/807 386/1865/806 84/1866/808

vt 6.51874 11.5466
vn 0.539436 0.309818 0.782957
vt 5.03685 11.5657
vn 0.507112 0.327076 0.797408
v 0.132478 0.283965 -0.0735336
vt 5.95463 10.4484
f 84/1867/809 386/1868/810 388/1869/809

vt 4.91045 12.2695
vn 0.333554 0.144132 0.931648
v 0.0945556 0.278288 -0.0590782
vt 4.28881 10.9766
vn 0.347414 0.0617944 0.935673
vt 5.88627 11.2025
vn 0.375788 0.0119152 0.926629
f 386/1870/811 389/1871/812 388/1872/813

vt 4.62197 12.3713
vt 3.59628 12.355
vt 4.04498 11.0579
vn 0.112015 0.211203 0.971003
f 386/1873/802 385/1874/800 389/1875/814

vt 3.87707 11.1472
vt 3.40403 12.4355
vt 2.49655 11.4957
f 389/1876/814 385/1877/800 384/1878/799

vt 3.74039 10.8164
vn 0.0475001 -0.0757396 0.995996
vt 2.35831 11.1588
vn 0.00765748 -0.0539126 0.998516
v 0.0740934 0.241151 -0.0609264
vt 2.93537 9.3522
f 389/1879/815 384/1880/816 390/1881/815

vt 3.42181 9.53076
vn 0.248529 0.0247438 0.968308
vt 2.83828 11.3352
v 0.0494028 0.2485 -0.054777
vt 2.42007 9.82017
f 390/1882/817 384/1883/817 391/1884/817

vt 3.20278 11.2354
vn 0.529628 -0.0600264 0.846104
v 0.0426027 0.261207 -0.0496188
vt 2.4582 10.2192
vt 2.79288 9.71802
f 384/1885/818 392/1886/818 391/1887/818

vt 2.63515 11.438
v 0.0398175 0.297238 -0.0581465
vt 1.86834 11.8542
vn 0.164148 0.296203 0.940914
vt 1.93064 10.3937
vn 0.133942 0.238033 0.961977
f 384/1888/799 393/1889/819 392/1890/820

vt 2.76532 11.1931
vt 2.2619 12.4904
vt 2.00733 11.6251
f 384/1891/799 99/1892/798 393/1893/819

vt 2.894 12.4618
vn 0.519604 0.237074 0.820857
vt 2.34017 12.4551
vn 0.539045 0.242917 0.806488
vt 2.54895 11.6285
vn 0.548984 0.23892 0.800958
f 99/1894/821 100/1895/822 393/1896/823

vt 2.60033 11.5754
vt 2.40157 12.4046
v 0.0334195 0.292787 -0.0522377
vt 2.26042 11.3945
vn 0.563414 0.23973 0.790629
f 393/1897/823 100/1898/822 394/1899/824

vt 2.38469 11.3645
vn 0.930554 0.128351 0.342922
vt 2.64343 12.351
v 0.0296635 0.283142 -0.0384356
vt 1.82369 10.9816
f 394/1900/825 100/1901/825 395/1902/825

vt 2.66676 12.1583
vn 0.815125 0.248614 0.523223
v 0.0204248 0.320568 -0.0418258
vt 1.82014 12.2774
vn 0.858021 0.252331 0.447357
vt 1.90429 10.7562
vn 0.862231 0.280804 0.421553
f 100/1903/826 396/1904/827 395/1905/828

vt 2.65991 12.5074
vn 0.824205 0.0321516 0.565378
vt 2.28039 13.511
vt 1.81278 12.6229
f 100/1906/829 101/1907/829 396/1908/829

v 0.00365723 0.322878 -0.0282613
vt 0.825857 12.6565
vn 0.640565 0.158128 0.751446
vt 1.67482 12.5642
vn 0.633845 0.169503 0.754658
vt 2.11773 13.4649
f 397/1909/830 396/1910/831 101/1911/830

v 0.0111782 0.253554 0.00996955
vt 0.0650748 8.73493
vn 0.625691 0.42266 0.655644
vt 1.69865 11.6646
vn 0.622525 0.423005 0.65843
vt 0.850683 11.7656
vn 0.601832 0.434743 0.669923
f 398/1912/832 396/1913/833 397/1914/834

vt 0.0353333 8.85856
v 0.0222818 0.271826 -0.0126861
vt 0.974227 9.64764
vn 0.637406 0.416473 0.648278
vt 1.73127 11.7526
f 398/1915/832 399/1916/835 396/1917/833

vt 0.97713 9.59554
vt 0.0419317 8.80209
v 0.0252024 0.239048 0.00575075
vt 0.55359 8.17216
vn 0.631988 0.421948 0.650039
f 399/1918/835 398/1919/832 400/1920/836

vt 0.717228 8.89358
vn 0.516234 0.261944 0.815407
vt 0.161878 9.48535
v 0.0132343 0.2276 0.0170052
vt 0.0821061 8.42658
f 400/1921/837 398/1922/837 401/1923/837

vt 0.415382 9.51298
vn 0.058677 0.26552 0.962318
v -0.00239388 0.252164 0.0111806
vt -0.120863 9.45622
vt 0.479323 8.45315
f 398/1924/838 402/1925/838 401/1926/838

vt 0.427147 8.53216
vn 0.0283134 0.485075 0.874014
vt 0.179935 11.6532
vt -0.10845 8.46959
f 398/1927/839 397/1928/839 402/1929/839

vt -0.00124422 8.42841
vn -0.180051 0.490865 0.852428
vt -0.0890646 11.6239
vn -0.176322 0.421792 0.889383
v -0.0116317 0.320926 -0.0303666
vt -0.695126 11.5357
f 402/1930/840 397/1931/841 403/1932/841

v -0.0116329 0.350026 -0.041431
vt -0.748903 13.4404
vn -0.171508 0.350125 0.920868
vt -0.669098 12.2173
vt -0.0621717 12.2993
f 404/1933/842 403/1934/841 397/1935/841

v -0.0253138 0.342949 -0.0512384
vt -2.09636 13.2204
vn -0.649362 0.270248 0.710841
vt -1.14444 12.3198
vt -1.43827 13.5097
f 405/1936/843 403/1937/843 404/1938/843

vt -2.20354 13.486
vn -0.807042 0.0780045 0.58532
v -0.0211305 0.320466 -0.0424741
vt -1.83018 12.597
vt -1.22432 12.6152
vn -0.785087 0.0926524 0.612417
f 405/1939/844 406/1940/844 403/1941/845

vt -2.22993 13.4939
v -0.0328508 0.317729 -0.0595708
vt -2.66777 12.499
vn -0.827842 0.0632449 0.557385
vt -1.85173 12.6069
f 405/1942/844 407/1943/846 406/1944/844

v -0.0484353 0.330744 -0.064953
vt -2.84596 12.6207
vn -0.439413 -0.160675 0.883798
vt -2.20222 12.1016
vt -1.79047 13.1076
f 408/1945/847 407/1946/847 405/1947/847

vt -3.14908 11.2337
vn -0.61334 -0.472781 0.632686
v -0.0433775 0.319969 -0.0681012
vt -3.09238 10.7523
vt -2.56105 10.6522
f 408/1948/848 409/1949/848 407/1950/848

v -0.0478679 0.325574 -0.0695805
vt -3.31808 11.3217
vn -0.692543 -0.521822 0.498083
vt -3.17749 11.0696
vn -0.751573 -0.483823 0.44839
vt -3.17307 11.5543
f 410/1951/849 409/1952/850 408/1953/849

v -0.0519738 0.320782 -0.0687751
vt -2.19916 12.8901
vn -0.0564301 0.212303 0.975573
vt -1.85975 12.8574
vt -2.03961 13.0832
f 411/1954/851 409/1955/851 410/1956/851

vt -2.14227 12.6001
vn -0.0163655 0.413201 0.910493
v -0.0467598 0.301504 -0.0599329
vt -1.92461 11.7683
vt -1.8031 12.5651
vn -0.0328135 0.409347 0.911789
f 411/1957/852 412/1958/852 409/1959/853

vt -2.04595 12.6081
v -0.0827726 0.31274 -0.0650836
vt -3.25852 12.2598
vn 8.71359e-05 0.416937 0.908936
vt -1.84071 11.7731
f 411/1960/852 413/1961/854 412/1962/852

v -0.0717314 0.324237 -0.0665566
vt -2.50528 12.8138
vn 0.0942982 0.128263 0.987247
vt -2.94375 12.3611
vn 0.114547 0.0172548 0.993268
vt -1.72253 12.6778
vn 0.118332 0.0395905 0.992185
f 414/1963/855 413/1964/856 411/1965/857

v -0.101036 0.324542 -0.0680569
vt -4.10507 13.0135
vn -0.0485704 0.172693 0.983778
vt -3.38115 12.5418
vt -2.94985 13.0014
f 415/1966/858 413/1967/858 414/1968/858

vt -4.35055 12.7867
vn -0.157695 0.00474542 0.987476
v -0.110614 0.310661 -0.0695197
vt -4.73199 12.2402
vt -3.62206 12.322
f 415/1969/859 416/1970/859 413/1971/859

v -0.11953 0.322414 -0.0760435
vt -5.52383 12.6139
vn -0.407352 0.179691 0.895419
vt -5.09788 12.1429
vn -0.407514 0.186997 0.893848
vt -4.73089 12.6992
f 417/1972/860 416/1973/861 415/1974/860

vt -5.56644 12.6928
vn -0.588822 0.00193946 0.808261
v -0.1216 0.316205 -0.0775368
vt -5.66694 12.4483
vn -0.560467 0.0811734 0.824189
vt -5.13148 12.2301
vn -0.547585 0.153178 0.82261
f 417/1975/862 418/1976/863 416/1977/864

vt -5.38311 12.526
vn -0.733619 0.11937 0.668995
v -0.133126 0.321459 -0.0908326
vt -6.17402 12.4883
vn -0.774335 0.106269 0.623788
vt -5.48147 12.2807
vn -0.736263 0.0839935 0.671463
f 417/1978/865 419/1979/866 418/1980/867

v -0.133054 0.327653 -0.0919503
vt -6.20151 12.6061
vn -0.795527 0.0889407 0.599355
vt -6.17084 12.3602
vt -5.37993 12.3981
f 420/1981/868 419/1982/866 417/1983/865

v -0.145509 0.329459 -0.112283
vt -6.78233 12.6352
vn -0.852327 0.0268182 0.522322
vt -5.80779 12.3185
vt -5.84362 12.5637
f 421/1984/869 419/1985/866 420/1986/868

vt -7.12986 10.0818
vn -0.65995 0.54041 0.521942
v -0.1483 0.324047 -0.109951
vt -7.13645 9.82513
vn -0.668264 0.505373 0.545912
vt -6.17794 9.70243
vn -0.617965 0.493818 0.61177
f 421/1987/870 422/1988/871 419/1989/872

vt -6.94282 9.63887
v -0.156144 0.327415 -0.124599
vt -7.58121 9.54198
vn -0.712678 0.513153 0.478293
vt -6.93308 9.38235
f 421/1990/870 423/1991/873 422/1992/871

v -0.149572 0.330561 -0.118835
vt -7.26681 10.2543
vn -0.693 0.504944 0.514571
vt -7.60327 10.1108
vt -6.96434 10.2041
f 424/1993/874 423/1994/873 421/1995/870

vt 6.76984 5.19963
vn 0.131486 0.799409 -0.586222
v -0.150559 0.328661 -0.121648
vt 6.832 5.07511
vt 7.07199 4.99347
f 424/1996/875 425/1997/875 423/1998/875

vt -7.43573 8.27703
vn -0.347289 -0.71598 0.60561
v -0.152117 0.332321 -0.118214
vt -7.51049 8.37626
vn -0.272554 -0.717449 0.641078
vt -7.52454 8.16987
f 424/1999/876 426/2000/877 425/2001/877

vt -7.48085 8.6837
vn -0.434048 -0.784214 0.443408
v -0.144599 0.332316 -0.110863
vt -7.12139 8.79504
vt -7.53535 8.79535
f 424/2002/878 427/2003/878 426/2004/878

vt -6.80669 13.2727
vn -0.811468 -0.198017 0.549827
v -0.14982 0.331122 -0.118999
vt -7.18716 13.2247
vn -0.833352 -0.220203 0.506985
vt -7.17634 13.2022
f 427/2005/879 428/2006/880 424/2007/880

vt -6.93077 13.3629
vt -7.03631 13.263
vn -0.852898 -0.241771 0.462722
vt -6.92045 13.3401
f 428/2008/880 425/2009/881 424/2010/880

vt 1.17202 3.83387
vn -0.47541 0.706679 -0.524015
vt 1.22053 3.97083
v -0.144759 0.331336 -0.123303
vt 0.959104 3.98272
f 425/2011/882 428/2012/882 429/2013/882

vt -7.55633 4.91164
vn -0.324189 0.894129 0.308925
vt -7.44596 5.14682
v -0.149276 0.331192 -0.127627
vt -7.69189 5.13416
f 425/2014/883 429/2015/883 430/2016/883

v -0.144409 0.331046 -0.122995
vt 7.45613 13.0328
vn 0.688867 0.0659105 -0.721885
vt 7.72064 13.0385
vt 7.47446 13.0442
f 431/2017/884 430/2018/884 429/2019/884

v -0.140223 0.327749 -0.115935
vt 7.15262 10.2802
vn 0.551987 -0.580655 -0.598457
vt 7.7267 10.4467
vt 7.46222 10.4397
f 432/2020/885 430/2021/885 431/2022/885

vt 7.03718 12.5856
vn 0.762181 -0.141145 -0.63179
v -0.150907 0.325939 -0.128421
vt 7.68408 12.5136
vt 7.61902 12.7225
f 432/2023/886 433/2024/886 430/2025/886

v -0.143805 0.320784 -0.113589
vt 6.96843 9.78655
vn 0.674037 -0.48941 -0.55331
vt 7.60375 10.0247
vn 0.718912 -0.499082 -0.48382
vt 6.95825 10.1083
vn 0.661435 -0.521663 -0.538862
f 434/2026/887 433/2027/888 432/2028/889

v -0.153399 0.312607 -0.118533
vt 7.33382 9.53149
vn 0.760314 -0.405628 -0.507335
vt 7.58985 10.1406
vt 6.95357 9.90508
f 435/2029/890 433/2030/888 434/2031/887

vt 7.01325 9.50587
vt 8.11515 9.96154
vn 0.816812 -0.396612 -0.418948
vt 7.30582 10.0983
f 435/2032/890 344/2033/891 433/2034/888

v -0.16703 0.292716 -0.131241
vt 7.4853 9.67322
vn 0.873943 -0.154665 -0.460762
vt 7.91666 10.9289
vt 6.80337 10.5018
f 436/2035/892 344/2036/891 435/2037/890

vt 6.59002 9.81208
vn 0.955322 -0.180955 -0.233701
vt 7.8298 9.83762
vt 7.09459 11.0402
f 436/2038/893 343/2039/707 344/2040/709

vt 7.5236 9.8136
vt 7.81317 10.9515
vt 6.57338 10.9267
f 342/2041/706 343/2042/707 436/2043/893

vt 6.33605 10.7487
vt 8.35265 10.6033
vt 7.39721 11.7119
f 341/2044/703 342/2045/705 436/2046/892

vt 6.75815 10.2752
vt 7.81752 11.2403
v -0.146274 0.29384 -0.096922
vt 6.23849 11.2847
vn 0.845849 -0.168733 -0.506032
f 341/2047/703 436/2048/892 437/2049/894

vt 6.22346 10.4286
vt 7.80245 10.3828
vt 7.09812 11.1925
f 437/2050/894 436/2051/892 435/2052/890

v -0.132052 0.307746 -0.090216
vt 6.08128 10.3147
vn 0.656356 -0.443392 -0.61041
vt 6.64632 9.71166
vn 0.688839 -0.419389 -0.591281
vt 7.47463 10.5256
f 438/2053/895 437/2054/896 435/2055/890

vt 6.27613 11.574
vn 0.550591 -0.245081 -0.797988
v -0.128469 0.283019 -0.0788174
vt 5.88442 10.5663
vn 0.562424 -0.277565 -0.778869
vt 6.87761 11.0073
vn 0.607033 -0.258472 -0.751468
f 438/2056/897 439/2057/898 437/2058/899

v -0.108218 0.309626 -0.0756069
vt 5.19342 11.7046
vn 0.521174 -0.237865 -0.819633
vt 5.93262 10.608
vt 6.29375 11.6271
f 440/2059/900 439/2060/898 438/2061/897

vt 4.97203 12.2835
vn 0.237459 -0.175942 -0.955331
v -0.0860209 0.280079 -0.0646478
vt 4.00754 11.1119
vn 0.162212 -0.213899 -0.963294
vt 5.76933 11.2285
vn 0.30689 -0.119651 -0.944194
f 440/2062/901 441/2063/902 439/2064/903

vt 3.77143 11.1744
vt 4.70617 12.3699
v -0.0822885 0.31148 -0.071561
vt 3.6731 12.445
vn 0.119567 -0.226995 -0.966528
f 441/2065/902 440/2066/901 442/2067/904

vt 3.63798 12.299
vn 0.1553 -0.0165079 -0.987729
vt 4.6712 12.2259
v -0.0995491 0.324004 -0.0744841
vt 4.32716 12.7921
f 442/2068/905 440/2069/905 443/2070/905

vt 4.78199 12.7409
vn 0.407704 -0.17347 -0.896485
vt 5.11095 12.1659
vn 0.407844 -0.175949 -0.895938
v -0.11557 0.321594 -0.081304
vt 5.46731 12.6446
f 443/2071/906 440/2072/907 444/2073/906

vt 5.19416 12.1872
vn 0.601213 -0.0110288 -0.799013
v -0.117481 0.315262 -0.0826542
vt 5.65237 12.4091
vt 5.56031 12.6584
f 440/2074/908 445/2075/908 444/2076/908

vt 5.64792 12.2629
vn 0.524387 -0.179069 -0.832438
vt 5.19149 12.0373
vt 6.29197 11.9621
f 445/2077/909 440/2078/900 438/2079/897

vt 5.62485 10.7652
vn 0.584055 -0.458018 -0.670148
vt 6.25291 10.4323
v -0.12834 0.319441 -0.0949742
vt 6.26581 10.9503
vn 0.632043 -0.477591 -0.610269
f 445/2080/910 438/2081/895 446/2082/911

vt 6.14461 10.618
vt 6.10046 10.1017
vt 7.09705 10.6772
f 446/2083/911 438/2084/895 434/2085/887

vt 7.08648 10.7366
vt 6.08785 10.1647
vt 7.48083 10.3779
f 434/2086/887 438/2087/895 435/2088/890

vt 6.15195 10.0751
vt 7.10422 10.137
vt 7.07949 10.4579
f 446/2089/911 434/2090/887 432/2091/889

v -0.127714 0.326847 -0.095831
vt 5.87114 12.4591
vn 0.792515 -0.111059 -0.599655
vt 5.85571 12.165
vn 0.772324 -0.116706 -0.624416
vt 6.80333 12.4949
vn 0.846912 -0.0353206 -0.530558
f 447/2092/912 446/2093/913 432/2094/914

vt 5.42598 12.368
vn 0.734037 -0.121589 -0.668136
vt 6.16236 12.2824
vt 6.17086 12.5768
f 444/2095/915 446/2096/913 447/2097/912

vt 5.52463 12.2799
vn 0.734647 -0.0779542 -0.673957
vt 6.17105 12.4449
vt 5.43461 12.53
f 445/2098/916 446/2099/913 444/2100/915

v -0.115343 0.326255 -0.0820893
vt 5.44594 12.5284
vn 0.731873 -0.147746 -0.665232
vt 5.42908 12.3429
vt 6.17388 12.552
f 448/2101/917 444/2102/915 447/2103/912

vt 4.78124 12.7475
vt 5.46657 12.6512
vt 5.47122 12.8374
vn 0.407562 -0.17099 -0.897026
f 443/2104/906 444/2105/906 448/2106/918

v -0.119337 0.327319 -0.0768985
vt 4.54159 5.59708
vn 0.158863 0.984794 -0.0703109
vt 4.16703 4.89515
vn 0.171565 0.983599 -0.0556645
vt 4.6739 5.37183
vn 0.138601 0.987539 -0.0745369
f 449/2107/919 443/2108/920 448/2109/921

vt 4.08686 6.01554
vt 3.57276 5.39266
vn 0.17017 0.984475 -0.043028
vt 3.80373 5.27201
f 449/2110/919 415/2111/922 443/2112/920

vt -5.52958 12.8341
vn -0.407168 0.172375 0.89694
vt -5.52257 12.6381
vt -4.7296 12.7231
f 449/2113/923 417/2114/860 415/2115/860

vt -6.20754 12.5572
vt -5.38609 12.3487
vt -5.40579 12.5439
vn -0.729681 0.145159 0.668202
f 420/2116/868 417/2117/865 449/2118/924

vt 6.03482 4.14877
vn 0.121365 0.989568 -0.0776256
vt 5.23689 4.06951
vt 5.30655 3.81773
f 420/2119/925 449/2120/919 448/2121/921

vt 5.60263 4.58621
vt 4.94031 4.13755
vt 5.6434 4.32758
vn 0.109374 0.99244 -0.0556803
f 420/2122/925 448/2123/921 447/2124/926

v -0.14057 0.3316 -0.10408
vt 0.674348 10.424
vn 0.219944 0.953389 0.206579
vt 0.416508 9.90123
vn 0.255075 0.954797 0.15264
vt 0.655569 9.79444
f 450/2125/927 420/2126/928 447/2127/927

vt -6.75703 13.0323
vt -5.81829 12.9612
vt -6.38006 13.1166
vn -0.855254 0.0344813 0.517061
f 421/2128/869 420/2129/868 450/2130/929

vt -6.73083 12.9171
vt -6.35386 13.0014
vt -6.66448 13.0296
vn -0.853395 0.0457281 0.519255
f 421/2131/869 450/2132/929 427/2133/930

vt -6.37547 12.6924
v -0.126099 0.342692 -0.0826095
vt -5.35724 13.1317
vn -0.849523 0.109318 0.5161
vt -6.68608 12.7208
f 450/2134/929 451/2135/931 427/2136/930

vt -5.93764 10.5279
vn -0.841458 0.404587 0.35813
v -0.12961 0.3393 -0.0870276
vt -5.15094 10.8594
vt -4.93675 11.0054
f 450/2137/932 452/2138/932 451/2139/932

vt -2.87026 -0.323239
vn 0.172291 -0.941475 0.289725
vt -2.93214 -1.17467
vn 0.16868 -0.934482 0.313513
v -0.134901 0.331455 -0.107563
vt -2.67063 -1.19076
vn 0.180942 -0.933382 0.309934
f 452/2140/933 450/2141/934 453/2142/935

vt -2.14801 10.3565
vt -1.92267 9.76836
vt -1.88662 10.3385
vn 0.183901 0.948028 0.259662
f 450/2143/927 447/2144/927 453/2145/936

vt 6.40337 12.9929
vn 0.843841 -0.00401274 -0.536578
vt 5.8617 12.8114
vt 6.79391 12.8469
f 453/2146/937 447/2147/912 432/2148/914

v -0.139511 0.334182 -0.114713
vt 6.76549 13.1766
vn 0.844556 -7.12136e-05 -0.535467
vt 6.43058 13.0692
vt 6.82112 12.9233
f 454/2149/938 453/2150/937 432/2151/914

vt 6.77059 13.1611
v -0.12407 0.339238 -0.0907102
vt 5.64694 13.3602
vn 0.841683 -0.00727707 -0.539923
vt 6.43567 13.0538
f 454/2152/938 455/2153/939 453/2154/937

vt 6.76339 13.1185
vt 5.47023 13.5331
vn 0.842478 -0.0165763 -0.538476
vt 5.63975 13.3176
f 454/2155/938 348/2156/940 455/2157/939

vt 7.50521 11.7374
vt 5.79637 12.1606
vt 7.06504 11.6763
vn 0.592543 0.558221 -0.580759
f 346/2158/716 348/2159/718 454/2160/941

vt 7.69493 11.4075
vn 0.580793 0.578184 -0.573047
vt 7.50199 11.609
vt 7.06194 11.547
f 430/2161/942 346/2162/716 454/2163/941

vt -5.1459 10.5362
vn -0.955537 0.294512 0.014565
vt -4.89875 10.9305
vt -5.11365 10.7526
f 433/2164/943 346/2165/943 430/2166/943

vt 7.53059 12.9756
vn 0.819877 0.105583 -0.56272
vt 8.34231 12.8538
vt 7.26047 13.3545
f 433/2167/944 344/2168/944 346/2169/944

vt 7.71307 10.5868
vt 7.08242 10.7365
vt 7.4486 10.5795
vn 0.551609 0.617989 -0.560193
f 430/2170/942 454/2171/941 431/2172/945

vt -6.90631 13.0222
vn -0.760202 -0.314333 0.568584
vt -7.30087 12.9042
vt -7.28292 12.8921
f 454/2173/946 429/2174/946 431/2175/946

vt 6.77642 12.9148
vt 7.11705 13.0561
vn 0.852596 0.00495547 -0.522547
vt 6.72075 13.1681
f 432/2176/914 429/2177/947 454/2178/938

vt 4.88216 12.4462
vn 0.657889 0.752111 -0.0388844
vt 5.16935 12.6431
vt 5.18224 12.6605
f 432/2179/948 431/2180/948 429/2181/948

vt 5.75218 13.6291
vn 0.73989 0.110221 -0.663637
v -0.114946 0.341803 -0.0801118
vt 5.36958 13.514
vt 5.92004 13.4124
f 348/2182/949 456/2183/949 455/2184/949

vt 5.89191 11.5467
vn 0.494803 -0.525703 -0.691959
v -0.101922 0.343522 -0.072105
vt 4.91525 11.4918
vt 5.51569 11.4122
f 348/2185/950 457/2186/950 456/2187/950

vt 5.89046 13.4239
vn 0.594429 -0.137679 -0.792274
vt 4.75022 13.5814
vt 4.91339 13.3768
f 348/2188/951 349/2189/951 457/2190/951

vt 4.16249 12.5783
vn 0.0756109 0.216845 -0.973273
v -0.0911071 0.344165 -0.0706445
vt 3.88814 12.394
vt 4.31774 12.3676
vn 0.112739 0.273302 -0.955299
f 349/2191/952 458/2192/952 457/2193/953

vt 3.69159 12.956
vt 3.96905 13.1357
v -0.0751101 0.344953 -0.0698992
vt 3.06113 12.9874
vn 0.0381128 0.159327 -0.98649
f 458/2194/952 349/2195/952 459/2196/954

vt 4.2236 9.24602
vn 0.111697 0.633231 -0.76586
vt 3.88349 9.53747
vt 3.32329 9.05693
f 349/2197/955 350/2198/955 459/2199/955

vt 3.89988 7.55385
vn 0.288185 0.7868 -0.545798
vt 4.32608 8.15642
v -0.0454526 0.334179 -0.0697714
vt 2.86501 6.86659
f 459/2200/956 350/2201/956 460/2202/956

vt 3.84883 11.2294
v -0.0470782 0.355374 -0.0582132
vt 2.13027 11.2732
vn 0.125681 0.446148 -0.886091
vt 2.12475 10.3206
vn 0.186786 0.481346 -0.856398
f 350/2203/721 461/2204/957 460/2205/958

vt 3.85058 11.4796
vt 3.53837 12.4139
vt 2.13201 11.5227
f 350/2206/721 352/2207/724 461/2208/957

vt 3.48466 12.7311
v -0.0684341 0.383332 -0.0474829
vt 2.86213 13.0691
vn 0.0698044 0.403476 -0.912324
vt 2.06605 11.8594
f 352/2209/724 462/2210/959 461/2211/957

vt 3.70736 14.4589
vt 4.89455 15.2708
vt 3.07081 14.7697
vn 0.243005 0.14373 -0.959318
f 352/2212/726 353/2213/726 462/2214/960

vt 5.04914 14.0308
vn 0.304008 0.45782 -0.835452
vt 3.17108 13.0348
vt 4.9783 13.5926
f 360/2215/961 462/2216/961 353/2217/961

v -0.0821119 0.400373 -0.0395386
vt 3.5865 12.475
vn 0.352378 0.612631 -0.707469
vt 3.2521 11.6228
vn 0.356099 0.685411 -0.635141
vt 5.05606 12.7475
vn 0.362004 0.616501 -0.699199
f 463/2218/962 462/2219/963 360/2220/964

vt 3.23741 11.6564
vt 3.588 12.502
v -0.0445893 0.377898 -0.0406859
vt 2.27514 11.3868
vn 0.341048 0.663086 -0.666336
f 462/2221/963 463/2222/962 464/2223/965

vt 3.35163 15.2445
vn 0.0821693 0.187151 -0.978888
vt 1.79885 15.0245
vn 0.00165838 0.196332 -0.980536
vt 1.88332 14.3437
f 463/2224/966 364/2225/967 464/2226/967

vt 3.29835 15.8257
vn 0.043973 -0.0934359 -0.994654
vt 3.13915 16.3784
vt 1.74515 15.6087
f 463/2227/968 363/2228/753 364/2229/755

vt 4.62523 16.3635
vn 0.237056 -0.147259 -0.96027
vt 3.36567 16.2557
vt 3.51161 15.6993
f 362/2230/969 363/2231/969 463/2232/969

vt 5.05733 15.9106
vn 0.365301 0.0771843 -0.927684
vt 4.69504 16.3542
vt 3.57829 15.6953
f 360/2233/970 362/2234/970 463/2235/970

vt 4.9608 15.7192
vn 0.580862 -0.126991 -0.804035
vt 5.70054 16.1845
vt 4.60133 16.1651
f 360/2236/971 361/2237/971 362/2238/971

vt 1.62074 14.2094
vt 1.55826 14.8925
vt 0.478561 14.1713
vn -0.0788634 0.204224 -0.975742
f 464/2239/967 364/2240/967 367/2241/972

vt 1.35059 15.5088
vn -0.202082 0.0196168 -0.979172
vt 0.615069 15.7753
vt 0.260978 14.8026
f 364/2242/973 365/2243/973 367/2244/973

v -0.028913 0.364297 -0.0478885
vt 0.997847 12.3108
vn -0.0666182 0.405907 -0.911483
vt 1.63405 12.8967
vt 0.491973 12.8559
f 465/2245/974 464/2246/974 367/2247/974

vt 3.26172 10.3254
vt 2.31024 10.0198
vt 1.90622 9.2551
vn 0.356061 0.751117 -0.555917
f 462/2248/963 464/2249/965 465/2250/975

vt 3.27688 9.45723
vt 2.04302 8.24874
v -0.0337499 0.362457 -0.0544392
vt 2.35023 8.13194
vn 0.372763 0.784509 -0.495574
f 462/2251/963 465/2252/975 466/2253/976

vt 2.14938 12.2778
vn 0.630577 0.488776 -0.602886
v -0.0217621 0.34421 -0.0566946
vt 2.20542 11.3713
vt 2.46739 12.1947
f 465/2254/977 467/2255/977 466/2256/977

vt 1.81438 11.989
vn 0.361843 0.479333 -0.799568
v -0.00994266 0.350073 -0.047831
vt 1.13302 11.3509
vt 1.70084 11.0879
f 465/2257/978 468/2258/978 467/2259/978

vt 1.41662 13.722
vn 0.151821 0.198557 -0.968259
vt 0.873778 14.2303
vt 0.678422 13.1506
vn 0.0640533 0.182017 -0.981207
f 465/2260/979 367/2261/761 468/2262/980

vt 0.575657 14.3582
v 0.0113859 0.350667 -0.0482563
vt -0.494805 13.3092
vn -0.00563458 0.182582 -0.983174
vt 0.345059 13.2855
f 367/2263/761 469/2264/981 468/2265/980

vt 0.640127 14.1972
vt -0.751517 14.1381
vt -0.423066 13.1408
f 367/2266/761 368/2267/762 469/2268/981

vt -1.07215 13.8876
vn -0.177416 0.258269 -0.949642
vt -1.46717 13.4302
vt -0.78954 12.8763
f 368/2269/982 369/2270/982 469/2271/982

vt -1.82577 11.8469
vn -0.364477 0.49546 -0.788464
v 0.0231377 0.344548 -0.057534
vt -1.7773 10.9535
vt -1.20407 11.2309
f 369/2272/983 470/2273/983 469/2274/983

vt -2.16471 12.3808
vn -0.653967 0.480726 -0.584149
vt -2.47902 12.3057
vt -2.29615 11.4958
f 369/2275/984 370/2276/984 470/2277/984

vt -1.62149 13.3514
vt -2.16472 13.0643
vt -1.23166 12.6183
vn -0.14134 0.248 -0.958394
f 370/2278/766 371/2279/768 470/2280/985

vt -1.50397 10.9961
vn -0.243861 0.477943 -0.843862
vt -2.41368 11.488
vt -2.47963 10.5361
f 470/2281/986 371/2282/768 372/2283/770

vt -1.79431 13.1772
vn -0.424245 0.146175 -0.893672
vt -2.79265 12.7687
vn -0.471451 0.205025 -0.857729
v 0.0282061 0.317218 -0.0644103
vt -2.09067 12.0895
f 470/2284/987 372/2285/988 471/2286/988

vt -2.29319 11.6441
vt -2.9782 12.3405
v 0.0419732 0.317111 -0.0731419
vt -2.93502 11.6398
vn -0.515365 0.262444 -0.815795
f 471/2287/988 372/2288/988 472/2289/989

v 0.0441317 0.327148 -0.0752211
vt -3.02727 12.9411
vn -0.978533 0.202484 -0.0383767
vt -2.94215 12.5376
vt -2.81512 13.228
f 473/2290/990 472/2291/990 372/2292/990

vt -1.96328 12.7623
vn -0.129321 -0.275753 -0.95249
vt -2.05685 13.1639
vn -0.109706 -0.178943 -0.977724
v 0.0556734 0.319547 -0.075125
vt -2.508 12.8598
vn -0.0188114 -0.23259 -0.972393
f 472/2293/991 473/2294/992 474/2295/993

vt -1.95669 12.1872
vn 0.0850043 0.0832219 -0.992899
vt -1.50335 12.4881
vn 0.0768768 0.104202 -0.991581
v 0.069562 0.324825 -0.0734936
vt -2.50681 12.3961
f 474/2296/994 473/2297/995 475/2298/994

vt -1.63967 13.1034
vn 0.0320036 -0.294397 -0.955147
v 0.0658005 0.326929 -0.0744276
vt -2.49334 13.0942
vn 0.050866 -0.285624 -0.956991
vt -2.64255 13.0054
vn 0.0595725 -0.314068 -0.94753
f 473/2299/996 476/2300/997 475/2301/998

vt -1.63507 13.229
vt -1.84391 13.3668
vn 0.033332 -0.227992 -0.973092
vt -2.48874 13.2201
f 473/2302/996 374/2303/999 476/2304/997

vt -2.77327 10.8727
vn -0.362262 0.415697 -0.834243
vt -2.94323 11.2034
vt -2.97536 11.0202
f 473/2305/1000 373/2306/1000 374/2307/1000

vt -3.3555 10.4197
vn -0.617717 0.543076 -0.568766
vt -3.23156 10.7544
vt -3.45522 10.7779
f 473/2308/1001 372/2309/1001 373/2310/1001

vt 3.37653 3.39247
vn 0.20126 0.967127 0.155434
vt 3.90257 3.02236
vt 3.55327 3.58388
f 375/2311/1002 476/2312/1002 374/2313/1002

vt -0.929723 -0.136558
vn 0.0798169 0.972465 -0.218953
vt -1.50126 -0.289774
vn 0.0308138 0.97441 -0.222657
vt -1.43032 -0.540417
f 375/2314/1003 377/2315/1004 476/2316/1004

vt -2.78116 0.53259
vt -3.50986 0.390932
vn -0.0182638 0.973997 -0.225823
vt -2.81836 0.27477
f 377/2317/1004 379/2318/1005 476/2319/1004

vt -2.46152 13.1602
vt -2.31068 13.2462
vt -3.01134 13.2735
vn 0.0884354 -0.267749 -0.959422
f 475/2320/998 476/2321/997 379/2322/1006

vt -2.81921 11.2754
vn -0.0268127 0.311472 -0.949877
vt -3.36871 11.3903
vt -3.96965 11.25
f 475/2323/1007 379/2324/1007 380/2325/1007

v 0.0833407 0.319065 -0.0725634
vt -3.39418 12.8431
vn -0.0392292 -0.25011 -0.967422
vt -2.85365 13.0773
vt -4.0041 13.0523
f 477/2326/1008 475/2327/1008 380/2328/1008

vt -1.90645 12.3603
vt -2.45685 12.5685
vt -3.00037 12.3414
vn 0.0930886 0.0621995 -0.993713
f 474/2329/994 475/2330/994 477/2331/1009

vt -1.91857 12.9189
vt -3.01249 12.8997
vn 0.0883107 -0.157938 -0.983492
v 0.0817655 0.309078 -0.0711009
vt -2.95587 12.5015
vn -0.0512163 -0.199852 -0.978487
f 474/2332/993 477/2333/1010 478/2334/1011

vt -3.6197 12.3505
vt -3.69001 12.7466
vn -0.137116 -0.0720461 -0.987931
v 0.105526 0.309594 -0.0749518
vt -4.56736 12.371
vn -0.14214 -0.124132 -0.982032
f 478/2335/1011 477/2336/1012 479/2337/1013

vt -3.59427 12.6189
vt -4.2064 12.8216
vn -0.117542 -0.0249829 -0.992754
vt -4.47271 12.2459
f 477/2338/1012 380/2339/1014 479/2340/1013

vt -5.63672 12.4031
vn -0.484211 -0.127756 -0.865574
vt -5.06293 12.0701
vn -0.500233 -0.148893 -0.852994
vt -4.82162 12.6567
vn -0.463052 -0.139642 -0.875262
f 26/2341/1015 479/2342/1016 380/2343/1017

v 0.135445 0.307748 -0.0933425
vt -6.46906 12.0821
vn -0.525472 -0.103763 -0.84446
vt -5.08642 12.1551
vt -5.66281 12.4836
f 480/2344/1018 479/2345/1016 26/2346/1015

v 0.128867 0.283364 -0.0790636
vt -5.95118 10.4998
vn -0.538434 -0.312912 -0.782416
vt -5.08997 11.5931
vn -0.50923 -0.328447 -0.795492
vt -6.4724 11.5162
f 481/2347/1019 479/2348/1020 480/2349/1019

vt -5.82275 11.2158
vn -0.331015 -0.148478 -0.931871
v 0.0932861 0.277974 -0.0655658
vt -4.32486 11.0012
vt -4.90265 12.26
f 481/2350/1021 482/2351/1021 479/2352/1021

v 0.131878 0.252311 -0.0834618
vt -6.03615 9.77807
vn -0.393988 0.0476062 -0.917882
vt -4.36419 10.7931
vt -5.86228 11.0063
vn -0.365703 0.0956667 -0.925802
f 483/2353/1022 482/2354/1022 481/2355/1023

vt -6.09288 9.934
v 0.100752 0.248783 -0.069012
vt -4.74185 9.7951
vn -0.421024 -0.000605287 -0.907049
vt -4.41811 10.9443
f 483/2356/1022 484/2357/1024 482/2358/1022

v 0.111776 0.22968 -0.0818569
vt -5.38249 8.28159
vn -0.428502 0.320716 -0.844706
vt -4.76667 9.07564
vt -6.11688 9.22228
f 485/2359/1025 484/2360/1025 483/2361/1025

v 0.0723847 0.241759 -0.0672927
vt -3.31148 7.36979
vn -0.184821 0.450443 -0.873466
vt -4.42009 7.685
vn -0.170982 0.479922 -0.860488
vt -4.94431 6.82771
f 486/2362/1026 484/2363/1027 485/2364/1026

vt -3.06271 9.24484
vn -0.0469688 0.0746083 -0.996106
vt -3.87696 10.6772
vt -4.18129 9.52265
vn -0.0838014 0.095665 -0.99188
f 486/2365/1028 482/2366/1028 484/2367/1029

vt -2.87631 9.36452
v 0.0585983 0.285808 -0.0647976
vt -2.33258 11.1012
vn -0.0100508 0.0534159 -0.998522
vt -3.69848 10.7923
f 486/2368/1028 487/2369/1030 482/2370/1028

v 0.0452624 0.247649 -0.0598938
vt -2.35094 9.79884
vn -0.269591 -0.0324376 -0.962428
vt -2.90856 11.3018
vn -0.269057 -0.0296801 -0.962667
vt -3.45774 9.56686
vn -0.282635 -0.0124994 -0.959146
f 488/2371/1031 487/2372/1032 486/2373/1033

vt -2.77134 9.63715
vn -0.536785 0.0796584 -0.83995
v 0.0376974 0.259876 -0.0538997
vt -2.3933 10.1201
vt -3.31771 11.1442
f 488/2374/1034 489/2375/1034 487/2376/1034

vt -2.92501 9.19996
vn -0.876442 -0.248803 -0.412246
v 0.0440123 0.235011 -0.0496088
vt -2.54653 8.67968
vn -0.889102 -0.216082 -0.403493
vt -2.57467 9.70333
vn -0.856845 -0.296224 -0.42198
f 488/2377/1035 490/2378/1036 489/2379/1037

vt -2.849 9.38494
v 0.0501324 0.22699 -0.0605053
vt -2.94209 8.55414
vn -0.907807 -0.174678 -0.38128
vt -2.45447 8.87672
f 488/2380/1035 491/2381/1038 490/2382/1036

vt -3.4598 9.57485
vt -2.54411 8.99302
vn -0.289376 -0.00390084 -0.957208
vt -2.35301 9.80688
f 486/2383/1033 491/2384/1039 488/2385/1031

v 0.0723928 0.201318 -0.0684605
vt -3.54232 7.87675
vn -0.308231 0.0273985 -0.950917
vt -2.61206 8.88785
vt -3.52784 9.46954
f 492/2386/1040 491/2387/1039 486/2388/1033

vt -3.85963 7.89695
vn -0.511229 -0.247521 -0.82303
v 0.0440212 0.217319 -0.054048
vt -2.61406 8.54122
vn -0.521519 -0.171932 -0.835738
vt -2.95446 8.93058
vn -0.534152 -0.209359 -0.819055
f 492/2389/1041 493/2390/1042 491/2391/1043

vt -3.82876 7.96873
v 0.0312925 0.211199 -0.0454846
vt -1.97571 8.36133
vn -0.513908 -0.222001 -0.828622
vt -2.57881 8.60447
f 492/2392/1041 494/2393/1044 493/2394/1042

vt -3.85232 7.83684
v 0.0410814 0.186078 -0.0434987
vt -2.28452 7.2144
vn -0.492296 -0.257156 -0.831574
vt -2.00164 8.24045
f 492/2395/1041 495/2396/1045 494/2397/1044

v 0.0694545 0.179332 -0.0583199
vt -3.53109 6.88055
vn -0.511096 -0.274778 -0.814419
vt -2.27374 7.15971
vt -3.83827 7.79031
f 496/2398/1046 495/2399/1045 492/2400/1041

v 0.0585345 0.168567 -0.0482454
vt -2.95339 6.50952
vn -0.516881 -0.222158 -0.826729
vt -2.26806 7.22552
vt -3.52613 6.94966
f 497/2401/1047 495/2402/1045 496/2403/1046

v 0.0289475 0.176113 -0.033922
vt -1.64523 6.8775
vn -0.474482 -0.236971 -0.847769
vt -2.24599 7.2817
vt -2.9373 6.57147
f 498/2404/1048 495/2405/1045 497/2406/1047

v 0.0134006 0.200032 -0.0317604
vt -1.07314 7.85159
vn -0.474362 -0.225069 -0.851073
vt -2.24951 7.28662
vt -1.64827 6.88313
f 499/2407/1049 495/2408/1045 498/2409/1048

vt -1.06605 7.87018
v 0.0217336 0.206871 -0.0380922
vt -1.47373 8.14598
vn -0.492312 -0.240595 -0.836506
vt -2.24349 7.30746
f 499/2410/1049 500/2411/1050 495/2412/1045

vt -1.70987 7.47831
vn -0.701492 0.400978 -0.589174
vt -1.31202 7.18852
vn -0.68631 0.36101 -0.631388
v 0.0192901 0.215426 -0.0293599
vt -1.37901 7.84086
vn -0.679971 0.384673 -0.624233
f 500/2413/1051 499/2414/1052 501/2415/1053

vt -1.34089 7.82682
vt -1.23382 7.17984
v 0.00907228 0.209656 -0.0229175
vt -0.872958 7.58431
vn -0.632994 0.349846 -0.690599
f 501/2416/1053 499/2417/1052 502/2418/1054

v 0.000985983 0.202819 -0.0272375
vt -0.223863 5.48432
vn -0.133395 0.637334 -0.758954
vt -0.507973 5.83361
vt -0.736073 5.3419
f 503/2419/1055 502/2420/1055 499/2421/1055

vt -0.621712 4.50119
vn -0.355654 0.76232 -0.540721
v 9.38505e-05 0.208332 -0.0188787
vt -0.411526 4.83654
vt -0.794231 4.91708
f 503/2422/1056 504/2423/1056 502/2424/1056

vt 0.660745 4.29032
vn 0.39942 0.78433 -0.474648
v -0.00739368 0.209284 -0.0236067
vt 0.821133 4.70059
vt 0.475732 4.64019
f 503/2425/1057 505/2426/1057 504/2427/1057

vt 0.192924 5.4789
vn 0.165841 0.637531 -0.752364
v -0.0143634 0.200093 -0.032931
vt 0.831313 5.33959
vt 0.484327 5.80925
f 503/2428/1058 506/2429/1058 505/2430/1058

vt 0.355128 8.04784
vn 0.362691 -0.109251 -0.925484
v -0.00952327 0.182459 -0.0289525
vt 0.76499 7.24144
vn 0.330487 -0.120482 -0.936089
vt 0.999558 7.93987
f 503/2431/1059 507/2432/1060 506/2433/1060

vt -0.0451485 7.86155
vn -0.00588151 0.0869514 -0.996195
v 0.00437465 0.184698 -0.0288392
vt -0.17893 7.14541
vn 0.00284271 0.0824115 -0.996594
vt 0.368196 7.05693
vn -0.00648118 0.090657 -0.995861
f 503/2434/1061 508/2435/1062 507/2436/1063

vt -0.399368 7.96362
vn -0.338295 0.0198965 -0.94083
vt -0.919554 7.85385
vn -0.280277 -0.0178604 -0.959753
vt -0.546247 7.25004
vn -0.244172 -0.0326733 -0.969181
f 503/2437/1064 499/2438/1065 508/2439/1066

vt -0.419066 7.31973
vt -0.791055 7.92435
vt -1.4068 6.9812
vn -0.223171 -0.0628489 -0.972751
f 508/2440/1066 499/2441/1065 498/2442/1067

vt -0.424451 7.32853
vt -1.41208 6.98969
v 0.0277895 0.165487 -0.0328859
vt -1.35845 6.57032
vn -0.207753 -0.047402 -0.977032
f 508/2443/1066 498/2444/1067 509/2445/1068

vt -1.55501 6.53658
vn -0.447422 0.00650082 -0.894299
vt -1.61397 6.95524
vn -0.443442 -0.0389817 -0.895455
vt -2.90808 6.65796
vn -0.492641 0.0325086 -0.869625
f 509/2446/1069 498/2447/1070 497/2448/1071

vt -1.56046 6.47203
vt -2.91353 6.59347
v 0.0568522 0.160898 -0.0478423
vt -2.84726 6.29113
vn -0.515794 0.0682596 -0.853989
f 509/2449/1069 497/2450/1071 510/2451/1072

v 0.0867033 0.170717 -0.0680849
vt -4.33543 6.68022
vn -0.578064 0.0841452 -0.811642
vt -2.91583 6.29228
vt -2.97899 6.59529
f 511/2452/1073 510/2453/1072 497/2454/1071

v 0.0738774 0.159951 -0.0654193
vt -3.87993 5.37064
vn -0.585156 0.549445 -0.596408
vt -2.91683 5.4153
vt -4.31387 5.87795
f 512/2455/1074 510/2456/1074 511/2457/1074

v 0.0070188 0.158732 -0.0412674
vt -1.00174 -0.526983
vn -0.057551 0.992348 -0.109244
vt -2.85819 0.163722
vt -3.77375 -0.138423
f 513/2458/1075 510/2459/1075 512/2460/1075

vt -0.673706 0.676881
vn -0.00627 0.933372 -0.358856
v 0.0145513 0.162382 -0.0326116
vt -0.875657 1.10577
vn -0.0284329 0.929667 -0.367302
vt -2.63807 0.931409
vn -0.0837628 0.942192 -0.324434
f 513/2461/1076 514/2462/1077 510/2463/1078

vt -0.168365 1.0614
v -0.0292592 0.161891 -0.036612
vt 1.24467 1.36527
vn 0.0712522 0.914855 -0.397445
vt -0.486793 1.41258
f 513/2464/1076 515/2465/1079 514/2466/1077

vt -0.0951157 0.601409
v -0.0476012 0.156255 -0.0541544
vt 2.09817 0.317485
vn 0.0933705 0.91535 -0.391683
vt 1.30415 0.963412
f 513/2467/1076 516/2468/1080 515/2469/1079

v -0.0197133 0.152742 -0.0450447
vt 1.19733 6.04535
vn 0.223902 -0.456092 -0.861306
vt 2.35019 6.20075
vt 0.141323 6.31034
f 517/2470/1081 516/2471/1081 513/2472/1081

v -0.0207353 0.15851 -0.0419652
vt -1.37464 4.84053
vn -0.311486 -0.489945 0.814205
vt -2.53506 4.73873
vn -0.32586 -0.489592 0.808774
vt -1.38263 4.58013
f 518/2473/1082 516/2474/1083 517/2475/1082

vt 1.47067 6.05994
vn 0.399137 -0.456193 -0.795348
v -0.0488763 0.150366 -0.0514166
vt 2.62779 5.69966
vt 2.63127 5.96019
f 518/2476/1084 519/2477/1084 516/2478/1084

v 0.00723782 0.153348 -0.0374283
vt 0.0523162 5.18104
vn 0.210919 0.336361 -0.917809
vt 2.32876 5.05637
vt 1.16565 5.39681
f 520/2479/1085 519/2480/1085 518/2481/1085

v -0.0307415 0.157771 -0.0316482
vt -1.35386 1.4312
vn -0.0848751 -0.897122 0.433554
vt -2.15782 0.686811
vn -0.10775 -0.894497 0.433896
vt 0.102235 0.98661
vn -0.0435747 -0.910797 0.410549
f 521/2482/1086 519/2483/1087 520/2484/1088

vt -1.5541 2.46548
v -0.0637716 0.155559 -0.0472225
vt -2.98408 2.293
vn -0.166835 -0.863257 0.476396
vt -2.48518 1.88795
f 521/2485/1086 522/2486/1089 519/2487/1087

v -0.0618555 0.168694 -0.0428176
vt -2.91408 6.32437
vn -0.3965 -0.217373 0.891929
vt -3.0544 5.79195
vn -0.401129 -0.238127 0.884529
vt -1.61686 5.88159
vn -0.358409 -0.21475 0.908529
f 523/2488/1090 522/2489/1091 521/2490/1092

vt -4.41595 6.56696
vn -0.570602 -0.185088 0.800097
vt -3.1236 6.00823
vt -2.96149 6.53443
f 328/2491/1093 522/2492/1093 523/2493/1093

vt -3.106 5.66341
vn -0.61087 -0.433955 0.662209
vt -4.37522 6.27285
vt -4.62039 5.83169
f 522/2494/1094 328/2495/1094 329/2496/1094

vt -4.39174 3.49467
vn -0.305024 -0.91728 0.256044
vt -2.7509 2.42392
vt -2.93784 3.03876
vn -0.276998 -0.943088 0.184005
f 329/2497/1095 519/2498/1095 522/2499/1096

vt -4.59585 3.47279
vt -4.56226 3.14213
vn -0.331024 -0.885379 0.326384
vt -2.79247 2.70683
f 329/2500/1095 331/2501/1097 519/2502/1095

vt -2.9906 6.37196
vn -0.539155 -0.841874 0.0236586
vt -3.81157 7.10934
vt -3.16188 6.08713
f 329/2503/1098 330/2504/1098 331/2505/1098

vt -2.71857 5.91146
vn -0.547509 -0.0125128 0.836706
vt -4.52983 6.11383
vt -3.722 5.92016
f 519/2506/1099 331/2507/1099 332/2508/1099

vt 2.71215 4.44073
vn 0.359239 -0.745853 -0.560937
vt 3.71554 4.4538
vt 3.67462 4.71163
f 519/2509/1100 332/2510/1100 335/2511/1100

vt 2.77097 5.45688
vn 0.56671 -0.445064 -0.693366
vt 3.75032 5.65839
vt 2.80031 5.71578
f 519/2512/1101 335/2513/1101 516/2514/1101

vt 3.72233 5.25945
vn 0.536095 0.423017 -0.73052
v -0.0844068 0.161139 -0.0783361
vt 4.50377 5.52838
vt 2.77229 5.31617
f 335/2515/1102 524/2516/1102 516/2517/1102

vt 3.75375 3.99847
vn 0.475338 0.798556 -0.369273
vt 5.07068 4.40273
vt 4.47421 4.40332
f 335/2518/1103 336/2519/1103 524/2520/1103

vt 4.47387 5.93586
vn 0.695876 0.473365 -0.540077
vt 5.07033 5.93546
v -0.104795 0.173215 -0.0940215
vt 5.45385 6.47557
f 524/2521/1104 336/2522/1104 525/2523/1104

vt 4.64239 7.20766
vn 0.751351 0.628522 -0.201074
vt 4.38814 6.59597
vt 5.31701 7.71061
f 525/2524/1105 336/2525/1105 337/2526/1105

vt 5.15656 7.0572
vn 0.808404 0.401859 -0.430106
vt 5.88095 7.48535
vn 0.842163 0.324415 -0.430717
v -0.113229 0.190013 -0.0941799
vt 5.31073 7.78104
vn 0.821123 0.349138 -0.451509
f 525/2527/1106 337/2528/1107 526/2529/1108

vt 5.73205 7.64878
v -0.126704 0.208915 -0.110797
vt 5.96498 8.71147
vn 0.852247 0.282341 -0.440407
vt 5.15545 7.93184
f 337/2530/1107 527/2531/1109 526/2532/1108

vt 6.0515 7.39925
vt 6.83422 8.2883
vn 0.821296 0.264872 -0.505287
vt 6.32917 8.45114
f 337/2533/1107 338/2534/1110 527/2535/1109

vt 6.4711 7.90985
vn 0.686672 0.515906 -0.512175
vt 6.97078 7.73121
vn 0.70749 0.476924 -0.521538
vt 7.42172 8.27394
f 527/2536/1111 338/2537/1112 339/2538/700

vt 6.43052 7.82908
vt 7.37614 8.20595
v -0.130415 0.220406 -0.103618
vt 6.28211 8.36187
vn 0.681139 0.535503 -0.499286
f 527/2539/1111 339/2540/700 528/2541/1113

vt 6.28516 8.32731
vt 7.37905 8.17045
vt 6.58861 9.04529
f 528/2542/1113 339/2543/700 340/2544/702

v -0.111952 0.22898 -0.0820561
vt 5.44697 8.27933
vn 0.566633 0.478674 -0.67067
vt 6.55207 7.90289
vn 0.556158 0.450872 -0.698142
vt 6.94066 8.5786
vn 0.585213 0.451696 -0.673422
f 529/2545/1114 528/2546/1115 340/2547/1116

v -0.10134 0.214514 -0.0851991
vt 5.21056 7.08161
vn 0.540547 0.454875 -0.707742
vt 6.55777 7.35537
vt 5.46041 7.75379
f 530/2548/1117 528/2549/1115 529/2550/1114

vt 5.20141 7.70184
v -0.120429 0.210796 -0.101101
vt 6.17775 7.54397
vn 0.549143 0.375045 -0.746848
vt 6.5532 7.95208
f 530/2551/1117 531/2552/1118 528/2553/1115

vt 5.21242 8.43425
vn 0.644965 -0.0496295 -0.762599
v -0.108159 0.20204 -0.0901541
vt 5.54337 7.94255
vn 0.659486 -0.0377353 -0.750769
vt 6.19053 8.28772
vn 0.650524 -0.0368316 -0.758592
f 530/2554/1119 532/2555/1120 531/2556/1121

v -0.0720755 0.201072 -0.0684966
vt 3.82196 7.85341
vn 0.451747 0.0151901 -0.892017
vt 5.4788 7.89159
vn 0.514902 0.0582764 -0.855266
vt 5.1482 8.38352
vn 0.50443 0.0257855 -0.863067
f 533/2557/1122 532/2558/1123 530/2559/1124

vt 3.8154 7.86783
vn 0.511115 -0.245433 -0.823726
v -0.0930731 0.183122 -0.0752349
vt 4.66196 7.13536
vn 0.579437 -0.177649 -0.79542
vt 5.47221 7.90733
vn 0.491309 -0.263035 -0.830318
f 533/2560/1125 534/2561/1126 532/2562/1127

vt 3.84401 7.7731
v -0.069086 0.179091 -0.0583626
vt 3.5297 6.86581
vn 0.511201 -0.275354 -0.814158
vt 4.68321 7.03222
f 533/2563/1125 535/2564/1128 534/2565/1126

vt 3.82836 7.78558
v -0.0412314 0.185519 -0.0437278
vt 2.28348 7.14227
vn 0.483399 -0.263508 -0.834799
vt 3.51959 6.8764
f 533/2566/1125 536/2567/1129 535/2568/1128

v -0.0302296 0.210864 -0.0451894
vt 1.95838 8.22545
vn 0.512416 -0.196885 -0.835862
vt 2.29319 7.18884
vt 3.84104 7.82495
f 537/2569/1130 536/2570/1129 533/2571/1125

v -0.0246259 0.201387 -0.0395033
vt 1.58416 7.91155
vn 0.510977 -0.202661 -0.835363
vt 2.23983 7.26699
vt 1.88385 8.29652
f 538/2572/1131 536/2573/1129 537/2574/1130

vt 1.14917 7.77333
vn 0.494716 -0.213612 -0.842393
vt 2.27552 7.17316
vt 1.62871 7.82661
f 506/2575/1132 536/2576/1129 538/2577/1131

vt 1.11684 7.87052
v -0.0277651 0.175342 -0.0337089
vt 1.59482 6.8703
vn 0.464771 -0.227439 -0.855722
vt 2.24909 7.28155
f 506/2578/1132 539/2579/1133 536/2580/1129

vt 0.700106 7.24921
vt 1.44137 6.96653
vn 0.297862 -0.13156 -0.9455
vt 0.928919 7.94954
f 507/2581/1060 539/2582/1134 506/2583/1060

vt 0.626355 7.10536
vn 0.228891 0.0625428 -0.971441
v -0.0111857 0.169188 -0.0301987
vt 0.701312 6.58183
vn 0.247752 0.119035 -0.961483
vt 1.36834 6.82459
vn 0.300375 0.129836 -0.944943
f 507/2584/1135 540/2585/1136 539/2586/1137

vt 0.431915 6.51873
vn 0.0072056 0.0801381 -0.996758
vt 0.366815 7.04358
vt -0.180301 7.13212
f 540/2587/1138 507/2588/1063 508/2589/1062

vt -0.147738 7.18075
v 0.0111242 0.168774 -0.0297454
vt -0.41264 6.55244
vn 0.021489 0.0658823 -0.997596
vt 0.465884 6.56877
f 508/2590/1062 541/2591/1139 540/2592/1138

vt -0.652349 6.66886
vn -0.189814 -0.0245943 -0.981512
vt -0.384677 7.29599
vt -1.32 6.53942
f 541/2593/1140 508/2594/1066 509/2595/1068

vt -0.712029 5.52736
vn -0.0027082 0.448788 -0.893634
vt -0.565399 5.79709
vn -0.0388281 0.391464 -0.919374
vt -1.23119 5.65838
vn -0.103679 0.36016 -0.927111
f 514/2596/1141 541/2597/1142 509/2598/1143

vt -0.403923 5.53016
vt -0.535531 5.25279
vt 0.474569 5.54812
vn 0.0479638 0.490012 -0.870395
f 541/2599/1142 514/2600/1141 540/2601/1144

vt 0.538099 4.89773
vt -0.463703 4.57537
vt 1.26825 4.55207
vn 0.0693848 0.556076 -0.82823
f 540/2602/1144 514/2603/1141 515/2604/1145

vt 0.744907 6.37839
vt 1.4982 6.0866
vn 0.358977 0.167566 -0.918181
vt 1.41071 6.62448
f 540/2605/1136 515/2606/1146 539/2607/1137

vt 1.63906 6.17411
v -0.0585313 0.168569 -0.0485521
vt 2.88305 6.44005
vn 0.404318 0.163196 -0.899941
vt 1.53879 6.70976
f 515/2608/1146 542/2609/1147 539/2610/1137

vt 1.64388 6.12628
v -0.0608575 0.159883 -0.0513118
vt 3.01587 6.046
vn 0.405976 0.176193 -0.896738
vt 2.88763 6.39338
f 515/2611/1146 543/2612/1148 542/2613/1147

vt 2.45704 1.59432
vt 2.91583 1.90226
vn 0.148211 0.8859 -0.439562
vt 1.5521 2.07262
f 516/2614/1080 543/2615/1149 515/2616/1079

vt 2.89206 2.84486
vn 0.237566 0.963664 -0.12212
vt 2.75299 2.3101
vn 0.27252 0.940644 -0.202292
v -0.0891406 0.163921 -0.0744664
vt 4.21188 3.44005
f 543/2617/1150 516/2618/1151 544/2619/1151

vt 2.8379 2.49305
vt 4.5196 2.95667
vn 0.305245 0.90993 -0.280809
vt 4.53366 3.22076
f 516/2620/1151 524/2621/1152 544/2622/1151

vt 3.06794 6.09891
vn 0.508198 0.861237 0.00246602
vt 3.68157 7.03438
vt 2.91468 6.31445
f 524/2623/1153 525/2624/1153 544/2625/1153

vt 5.25155 6.96304
vt 5.4202 7.68365
vt 4.27815 6.56439
vn 0.789006 0.343651 -0.509288
f 525/2626/1106 526/2627/1108 544/2628/1154

v -0.0875796 0.170467 -0.068984
vt 4.22599 6.76841
vn 0.773742 0.288051 -0.564226
vt 4.43659 6.49929
vt 5.62248 7.57199
f 545/2629/1155 544/2630/1154 526/2631/1108

vt 4.56908 5.94119
vn 0.610477 0.417918 -0.672802
vt 4.37853 6.22486
vt 3.13188 5.76619
f 544/2632/1156 545/2633/1156 543/2634/1156

vt 2.98581 6.57846
vn 0.57675 0.103022 -0.810399
vt 3.12343 6.23469
vt 4.38399 6.65362
f 542/2635/1157 543/2636/1157 545/2637/1157

vt 2.9824 6.59501
vn 0.514938 -0.220582 -0.828361
vt 4.38055 6.67071
vn 0.617101 -0.116514 -0.77821
vt 4.69837 7.17524
f 542/2638/1158 545/2639/1159 534/2640/1126

vt 4.37886 6.67017
vt 5.79323 7.44184
vn 0.667658 -0.0460648 -0.743042
vt 4.70436 7.16978
f 545/2641/1159 526/2642/1160 534/2643/1126

vt 4.70187 7.19185
vt 5.79087 7.46336
vt 5.53666 7.93722
f 534/2644/1126 526/2645/1160 532/2646/1120

vt 5.79695 7.47563
vt 6.18964 8.2941
vt 5.54231 7.94925
f 526/2647/1160 531/2648/1121 532/2649/1120

vt 5.5629 7.60824
vn 0.826071 0.101539 -0.554344
vt 6.40173 8.35625
vt 5.9471 8.43073
f 526/2650/1161 527/2651/1161 531/2652/1161

vt 6.07572 7.62056
vn 0.654068 0.541308 -0.528375
vt 6.5279 7.53244
vt 6.39985 8.07049
f 531/2653/1162 527/2654/1111 528/2655/1113

vt 3.53504 6.96906
vt 2.97563 6.54419
vt 4.68907 7.13186
f 535/2656/1128 542/2657/1158 534/2658/1126

vt 2.27833 7.20299
vt 2.9599 6.50963
vt 3.51506 6.94005
f 536/2659/1129 542/2660/1158 535/2661/1128

vt 1.59314 6.86745
vt 2.93654 6.59349
vt 2.24717 7.27909
f 539/2662/1133 542/2663/1158 536/2664/1129

vt -0.933033 3.28429
vn -0.192824 0.768275 -0.610387
vt -1.43326 3.47523
vt -2.70169 3.19302
f 514/2665/1163 509/2666/1163 510/2667/1163

vt 1.16519 7.91694
vt 1.64494 7.96825
v -0.0197011 0.211399 -0.0378674
vt 1.44629 8.36531
vn 0.54742 -0.134304 -0.826011
f 506/2668/1132 538/2669/1131 546/2670/1164

vt 1.49283 8.3453
vt 1.68842 7.94673
vt 1.99771 8.32401
f 546/2671/1164 538/2672/1131 537/2673/1130

vt 1.43066 3.55652
vn 0.265739 0.855414 -0.444579
vt 1.93436 3.51588
v -0.0190884 0.215647 -0.0293267
vt 1.23744 3.87946
f 546/2674/1165 537/2675/1165 547/2676/1165

v -0.0329086 0.221272 -0.0320033
vt 1.79796 5.56965
vn 0.406886 0.755441 -0.513569
vt 1.30604 5.23172
vt 2.03767 4.94431
f 548/2677/1166 547/2678/1166 537/2679/1166

vt 1.42764 4.4105
vn 0.385337 0.921193 -0.0540191
v -0.0187135 0.216401 -0.0138023
vt 0.640419 3.91769
vn 0.437365 0.885998 -0.15401
vt 1.24775 3.84145
vn 0.442299 0.895232 -0.0541347
f 548/2680/1167 549/2681/1168 547/2682/1169

v -0.0321075 0.236376 -0.0238592
vt 1.49241 9.12654
vn 0.793715 0.255539 -0.552012
vt 0.866477 8.31321
vn 0.794369 0.255105 -0.551271
vt 1.77381 8.51153
f 550/2683/1170 549/2684/1171 548/2685/1170

vt 1.22678 8.7053
vn 0.857866 0.463131 -0.222657
v -0.0178862 0.220868 -0.00132418
vt 0.227368 8.01641
vt 0.711061 7.81799
f 550/2686/1172 551/2687/1172 549/2688/1172

vt 0.429204 8.67621
vn 0.836432 -0.0283211 -0.547339
vt 1.47816 9.28702
v -0.0177867 0.248614 -0.00260782
vt 0.469347 9.76903
f 551/2689/1173 550/2690/1173 552/2691/1173

vt 1.39304 8.68459
vn 0.875564 -0.309223 -0.371172
v -0.0165097 0.279173 -0.0215823
vt 1.04705 10.4465
vn 0.842474 -0.308267 -0.441825
vt 0.394943 9.18843
vn 0.830283 -0.318631 -0.45728
f 550/2692/1174 553/2693/1175 552/2694/1176

vt 1.35189 8.62929
v -0.0234337 0.281477 -0.0401825
vt 1.81472 10.4916
vn 0.892179 -0.246396 -0.378557
vt 1.03386 10.3965
f 550/2695/1174 554/2696/1177 553/2697/1175

vt 1.80306 10.5052
vt 1.31752 8.64866
v -0.0341688 0.256116 -0.046955
vt 2.19904 9.46126
vn 0.877334 -0.315084 -0.361949
f 554/2698/1177 550/2699/1174 555/2700/1178

vt 2.23291 9.27419
vt 1.36739 8.44456
v -0.0435 0.234987 -0.048592
vt 2.43926 8.38618
vn 0.879983 -0.350855 -0.320205
f 555/2701/1178 550/2702/1174 556/2703/1179

vt 1.37689 9.12501
vn 0.903185 -0.131396 -0.408647
v -0.043578 0.22504 -0.0455662
vt 2.34167 8.6748
vn 0.901055 -0.132677 -0.412913
vt 2.44894 9.06983
f 550/2704/1180 557/2705/1181 556/2706/1181

vt 1.49343 9.12406
vt 1.7745 8.50891
vt 2.45276 8.66237
vn 0.79306 0.255972 -0.552752
f 550/2707/1170 548/2708/1170 557/2709/1182

vt 1.7501 7.86415
vn 0.749762 0.47874 -0.456799
v -0.0438391 0.217289 -0.0541177
vt 2.71752 7.68557
vt 2.42466 8.03313
f 548/2710/1183 558/2711/1183 557/2712/1183

vt 2.7353 6.37107
vn 0.597462 0.684034 -0.418493
vt 1.7753 6.58601
vt 2.13999 6.02431
f 558/2713/1184 548/2714/1184 537/2715/1184

vt 2.56904 8.60787
vn 0.520957 -0.164406 -0.837601
vt 1.92895 8.3531
vt 3.81416 7.96476
f 558/2716/1185 537/2717/1130 533/2718/1125

vt 2.61156 8.54097
vt 3.85163 7.88816
v -0.0504173 0.226577 -0.060797
vt 2.97232 8.91486
vn 0.536224 -0.20842 -0.81794
f 558/2719/1185 533/2720/1125 559/2721/1186

vt 3.58778 7.92571
v -0.0718731 0.235645 -0.0686496
vt 3.58235 9.28687
vn 0.373543 -0.00517884 -0.927598
vt 2.68284 8.92988
vn 0.337598 -0.0162111 -0.941151
f 533/2722/1122 560/2723/1187 559/2724/1188

vt 3.79868 7.92241
vt 5.12527 8.45162
vt 3.79472 9.28358
f 533/2725/1122 530/2726/1124 560/2727/1187

vt 3.42923 7.92065
vn 0.233246 0.3896 -0.890959
vt 4.71783 7.02509
vn 0.23875 0.370173 -0.897758
vt 5.08978 7.63821
f 560/2728/1189 530/2729/1190 529/2730/1189

vt 3.41437 7.68502
vt 5.07406 7.39752
v -0.0947012 0.249891 -0.0679389
vt 4.27772 8.29961
vn 0.227635 0.408849 -0.883756
f 560/2731/1189 529/2732/1189 561/2733/1191

vt 5.33286 8.3331
vn 0.385161 0.276635 -0.880411
v -0.1317 0.251906 -0.083492
vt 6.06782 9.27234
vt 4.48787 9.18978
f 529/2734/1192 562/2735/1192 561/2736/1192

vt 5.44485 8.21482
vt 6.9379 8.51725
vt 6.06769 9.23188
vn 0.583685 0.460916 -0.668482
f 529/2737/1114 340/2738/1116 562/2739/1193

vt 5.76768 10.1343
vn 0.770332 0.234199 -0.593076
vt 6.68552 9.48197
vt 7.06243 10.7976
f 562/2740/1194 340/2741/704 341/2742/703

vt 5.73584 11.1813
vn 0.722946 0.0306409 -0.690225
vt 5.95681 9.95585
vn 0.723557 0.0284893 -0.689676
vt 7.26072 10.601
f 439/2743/1195 562/2744/1196 341/2745/1195

vt 4.02776 10.8205
vn 0.355083 0.0487136 -0.933565
vt 5.96944 9.70482
vt 5.78956 10.9369
vn 0.321501 0.107959 -0.940735
f 441/2746/1197 562/2747/1197 439/2748/1198

vt 4.10778 11.0372
vt 4.47303 9.84867
vn 0.386999 -0.0107597 -0.922017
vt 6.05315 9.92801
f 441/2749/1197 561/2750/1199 562/2751/1197

v -0.0471816 0.263275 -0.0597379
vt 2.19462 10.214
vn 0.119238 0.0724591 -0.990218
vt 4.09283 9.68598
vn 0.129541 0.141437 -0.981435
vt 3.73532 10.8769
vn 0.124912 -0.00118843 -0.992167
f 563/2752/1200 561/2753/1201 441/2754/1202

vt 3.1064 8.5346
vn 0.10597 0.218201 -0.970133
vt 3.99679 9.10932
vt 2.10194 9.64926
f 560/2755/1203 561/2756/1201 563/2757/1200

v -0.0428833 0.244913 -0.0586395
vt 2.34021 9.61018
vn 0.327493 -0.00387933 -0.944846
vt 3.54765 9.24521
vt 2.51436 10.3332
vn 0.321041 0.0185061 -0.946885
f 564/2758/1204 560/2759/1187 563/2760/1205

vt 2.36225 9.68128
vt 2.6702 8.95914
vt 3.56967 9.31625
f 564/2761/1204 559/2762/1188 560/2763/1187

vt 2.70391 8.76419
vn 0.889715 -0.350876 -0.292052
vt 2.3331 8.34911
vt 2.87256 7.99747
vn 0.89963 -0.336968 -0.277703
f 564/2764/1206 556/2765/1179 559/2766/1207

vt 2.73548 8.67401
vt 2.18822 9.14769
vt 2.36991 8.25431
f 564/2767/1206 555/2768/1178 556/2769/1179

vt 2.27159 9.96271
vn 0.730459 0.130893 -0.670296
vt 2.8425 9.51781
vt 2.98877 10.247
f 555/2770/1208 564/2771/1208 563/2772/1208

vt 2.19332 9.82805
vn 0.582735 -0.293742 -0.757717
vt 2.90623 10.1229
v -0.0290475 0.28895 -0.0557447
vt 2.24446 11.1803
f 555/2773/1209 563/2774/1209 565/2775/1209

vt 1.92187 11.4823
vn 0.399538 -0.209754 -0.892397
vt 2.63946 10.4619
vn 0.393828 -0.136794 -0.908948
v -0.0426751 0.2813 -0.060498
vt 2.48856 11.1783
vn 0.409562 -0.173041 -0.895721
f 565/2776/1210 563/2777/1211 566/2778/1212

vt 2.07724 10.4853
vt 3.6179 11.1483
vt 1.90357 11.1965
vn 0.0969387 -0.0661149 -0.993092
f 563/2779/1200 441/2780/1202 566/2781/1213

vt 1.91731 11.2491
vn 0.0993022 -0.277466 -0.95559
vt 3.63158 11.1991
v -0.0452219 0.299422 -0.0660248
vt 2.03953 11.9917
vn 0.0860763 -0.250195 -0.964362
f 566/2782/1214 441/2783/902 567/2784/1215

vt 1.96944 12.0399
vt 3.56717 11.2588
vt 3.44095 12.5269
f 567/2785/1215 441/2786/902 442/2787/904

vt 1.77949 11.7957
vn 0.0529321 -0.402481 -0.913897
vt 3.23872 12.3183
vn -0.000315672 -0.418056 -0.908421
v -0.052049 0.319513 -0.075268
vt 2.04814 12.6664
f 567/2788/1216 442/2789/1217 568/2790/1216

vt 1.70082 12.6763
vn -0.102442 0.023003 -0.994473
vt 2.90022 12.3599
vn -0.113056 -0.0326852 -0.993051
v -0.0721651 0.323402 -0.0731059
vt 2.49734 12.8295
f 568/2791/1218 442/2792/1219 569/2793/1218

vt 2.97209 13.0114
vn 0.0459142 -0.166624 -0.984951
vt 3.36738 12.5354
vt 4.05155 13.0354
f 569/2794/1220 442/2795/1220 443/2796/1220

vt 2.99813 11.6065
vn 0.0542103 0.257112 -0.96486
vt 4.07758 11.631
v -0.0843106 0.32688 -0.0728614
vt 3.475 11.7481
f 569/2797/1221 443/2798/1221 570/2799/1221

vt 0.112045 -2.00084
vn -0.171606 0.977643 -0.121515
vt -0.422857 -1.56297
vt -0.128292 -2.10155
f 415/2800/1222 570/2801/1222 443/2802/1222

vt -4.44885 5.23299
vn -0.0572562 0.96152 0.268702
v -0.0846075 0.325085 -0.0665004
vt -3.80349 5.31084
vn -0.0066328 0.962463 0.271331
vt -3.84425 5.56812
f 415/2803/1223 571/2804/1224 570/2805/1224

vt -3.48568 7.34622
vn -0.043475 -0.707159 0.705717
vt -4.13501 7.31597
vt -2.97985 7.29902
f 571/2806/1225 415/2807/1225 414/2808/1225

v -0.0661922 0.327841 -0.0678052
vt -2.53934 13.1393
vn 0.0548701 0.250529 0.966553
vt -3.2654 13.0257
vn 0.0235759 0.294725 0.955291
vt -2.75856 12.9908
f 572/2809/1226 571/2810/1227 414/2811/855

vt 0.931442 -0.78232
vn -0.158686 0.967874 -0.195033
vt 0.336642 -0.350733
vn -0.197653 0.961472 -0.191061
v -0.0666251 0.326469 -0.0742632
vt 0.1894 -0.565611
f 571/2812/1228 572/2813/1229 573/2814/1229

vt -0.478265 0.359855
v -0.0494121 0.330429 -0.0758206
vt -1.1355 0.698162
vn -0.236309 0.953556 -0.186787
vt -0.66716 0.18049
f 572/2815/1229 574/2816/1230 573/2817/1229

vt -3.28593 4.31343
vn -0.0599362 0.979775 0.190918
v -0.0506167 0.329114 -0.0694476
vt -2.72024 4.56386
vt -2.75014 4.82268
f 572/2818/1231 575/2819/1231 574/2820/1231

vt -1.74482 13.2764
vn 0.104462 0.132061 0.985722
vt -2.36134 13.2252
vt -2.58289 13.0802
f 575/2821/1232 572/2822/1226 414/2823/855

vt -1.64278 13.1065
vt -2.48175 12.9142
vt -1.53474 12.9669
vn 0.122185 0.0598436 0.990701
f 575/2824/1232 414/2825/855 410/2826/1233

vt -1.53542 12.9759
vt -2.48243 12.9231
vt -1.69973 12.7868
f 410/2827/1233 414/2828/855 411/2829/857

v -0.0517904 0.330064 -0.0695229
vt 2.6507 12.1927
vn 0.240313 0.222074 -0.944951
vt 2.60519 12.1543
vt 2.5016 12.0114
f 576/2830/1234 575/2831/1234 410/2832/1234

v -0.0762124 0.340931 -0.0647614
vt -1.51049 13.2856
vn 0.384696 0.534946 0.752224
vt -0.529304 12.735
vt -0.569095 12.7793
f 577/2833/1235 575/2834/1235 576/2835/1235

vt -3.47456 9.0353
vn -0.13655 -0.632088 0.762771
v -0.0703265 0.337086 -0.0668183
vt -3.26539 8.83677
vn -0.140764 -0.625878 0.767113
vt -2.52925 8.42511
vn -0.16234 -0.647056 0.744959
f 577/2836/1236 578/2837/1237 575/2838/1238

vt -3.13043 9.25759
vt -3.34747 9.44749
v -0.100207 0.346062 -0.064453
vt -4.27973 9.70091
vn -0.123589 -0.624314 0.771335
f 578/2839/1237 577/2840/1236 579/2841/1239

vt -3.38518 8.9687
v -0.0917613 0.350919 -0.0588665
vt -3.94982 9.48293
vn -0.128098 -0.644356 0.753921
vt -4.31446 9.23286
f 577/2842/1236 580/2843/1240 579/2844/1239

vt -2.83563 7.15383
vn -0.279074 -0.771705 0.571479
vt -4.26323 8.40278
vt -3.81499 7.78445
f 408/2845/1241 580/2846/1241 577/2847/1241

vt -2.21697 10.1601
vn -0.177774 -0.490849 0.852915
v -0.0479313 0.352628 -0.0522538
vt -2.13363 11.1529
vn -0.118396 -0.445001 0.887669
vt -3.87832 11.0754
vn -0.245667 -0.495915 0.832896
f 408/2848/1242 581/2849/1243 580/2850/1244

vt -2.38586 11.4607
vt -2.54433 10.4771
vt -1.51958 11.0257
vn -0.244238 -0.482495 0.841157
f 581/2851/1243 408/2852/1242 405/2853/1245

vt -2.14793 13.211
vn -0.132291 -0.207454 0.969258
vt -1.26025 12.8215
v -0.0360306 0.359014 -0.0492628
vt -1.66778 13.468
f 581/2854/1246 405/2855/1246 582/2856/1246

vt -2.37495 12.1583
vn -0.617981 -0.488068 0.616352
vt -2.13208 11.4337
v -0.030817 0.360944 -0.042507
vt -2.04168 12.2454
f 582/2857/1247 405/2858/1247 583/2859/1247

vt -1.67744 11.0219
vn -0.325017 -0.491455 0.807982
vt -1.03363 11.3418
vt -1.75016 11.8354
f 405/2860/1248 404/2861/1248 583/2862/1248

vt -0.733524 13.1841
vn -0.05382 -0.20351 0.977592
vt -0.854971 14.2203
vt -1.48473 13.623
vn -0.169562 -0.202891 0.964409
f 404/2863/1249 230/2864/491 583/2865/1250

vt -0.478268 13.254
vt 0.752213 14.2206
vt -0.631958 14.2859
f 404/2866/1249 229/2867/489 230/2868/491

vt -0.42285 13.0663
v 0.0132162 0.350283 -0.0419057
vt 0.555635 13.0767
vn 0.10615 -0.243584 0.964053
vt 0.800949 14.0414
f 404/2869/1249 584/2870/1251 229/2871/489

vt 0.159538 11.8927
vn 0.0125484 0.44214 0.896858
vt 0.543353 13.0957
vt -0.435123 13.0843
f 397/2872/1252 584/2873/1252 404/2874/1252

vt 0.836841 12.6838
vt 2.13058 13.4892
vt 1.47291 13.7746
vn 0.647167 0.146725 0.748095
f 397/2875/830 101/2876/830 584/2877/1253

vt 1.11378 11.2029
vn 0.330569 -0.508354 0.795173
vt 1.75137 10.8751
v 0.0310077 0.360806 -0.042575
vt 1.77069 11.684
f 584/2878/1254 101/2879/1254 585/2880/1254

vt 2.21201 11.541
vn 0.642268 -0.480953 0.596805
vt 2.38683 12.2572
vt 2.05889 12.3355
f 101/2881/1255 102/2882/1255 585/2883/1255

vt 2.31567 8.24045
vn 0.38383 -0.785588 0.48531
vt 3.18803 9.58357
vt 1.99729 8.35142
vn 0.36175 -0.743238 0.562792
f 102/2884/1256 103/2885/455 585/2886/1257

vt 3.20967 10.6451
vt 2.23021 10.3583
vt 1.86336 9.58513
f 103/2887/455 228/2888/485 585/2889/1257

vt 1.13485 11.9798
vn -0.0451706 -0.44145 0.896148
vt 1.72497 12.5996
vt 0.696749 12.566
f 585/2890/1258 228/2891/1258 229/2892/1258

vt 0.835816 12.9121
vt 1.52769 13.3414
vn 0.190539 -0.261993 0.946073
vt 1.0393 13.8865
f 584/2893/1251 585/2894/1259 229/2895/489

vt -0.504704 12.7842
vn 0.0674964 -0.422195 0.903989
vt -1.68794 12.7383
vt -1.0853 12.1391
f 230/2896/1260 231/2897/1260 583/2898/1260

vt -1.85207 9.49346
vn -0.351876 -0.741419 0.571385
vt -2.2294 10.255
vn -0.33551 -0.645657 0.685974
v -0.0701454 0.379963 -0.042048
vt -3.21463 10.5431
vn -0.35362 -0.670372 0.652346
f 583/2899/1261 231/2900/1262 586/2901/1263

vt -2.20562 11.6535
vt -3.5493 12.821
vn -0.351271 -0.591766 0.725549
vt -3.20026 11.9073
f 231/2902/1262 232/2903/1264 586/2904/1263

vt -5.08048 13.0739
vn -0.364966 -0.596732 0.71464
vt -3.21239 11.8736
vt -3.53841 12.7958
f 233/2905/1265 586/2906/1263 232/2907/1264

v -0.116732 0.393594 -0.0516254
vt -5.01158 13.7674
vn -0.302243 -0.438169 0.846556
vt -3.15746 13.1704
vt -5.10229 14.2419
f 587/2908/1266 586/2909/1266 233/2910/1266

vt -3.07145 14.7549
vn -0.231631 -0.112745 0.966248
vt -4.94294 15.295
vn -0.254713 -0.151822 0.955024
v -0.0851764 0.373457 -0.0464104
vt -3.68696 14.4971
f 586/2911/1267 587/2912/1268 588/2913/1268

vt -3.73291 14.28
vt -4.98267 15.0876
v -0.114199 0.37571 -0.0544987
vt -4.91897 14.3704
vn -0.277237 -0.190566 0.941713
f 588/2914/1268 587/2915/1268 589/2916/1269

v -0.144364 0.374203 -0.0785456
vt -6.38105 14.6308
vn -0.590433 -0.259974 0.764069
vt -4.86234 14.6915
vn -0.591552 -0.271778 0.75908
vt -4.87105 15.4115
vn -0.582336 -0.308959 0.75195
f 590/2917/1270 589/2918/1271 587/2919/1272

v -0.126154 0.352243 -0.074258
vt -5.71671 13.3184
vn -0.577465 -0.333329 0.745269
vt -4.86818 14.2984
vt -6.38681 14.2354
f 591/2920/1273 589/2921/1271 590/2922/1270

vt -5.73885 11.924
vn -0.358386 -0.551275 0.753429
vt -4.25566 11.8646
vt -4.9817 12.9761
vn -0.325182 -0.441643 0.836187
f 591/2923/1274 580/2924/1244 589/2925/1275

vt -5.88383 10.1023
vn -0.340215 -0.62011 0.706907
vt -4.26032 10.5152
vt -5.74321 10.5816
f 451/2926/1276 580/2927/1244 591/2928/1274

vt -5.93041 13.4393
vn -0.578942 0.072558 0.812134
vt -4.68541 13.5723
vt -4.287 13.7641
f 451/2929/1277 579/2930/1277 580/2931/1277

v -0.118862 0.344098 -0.075273
vt 4.86729 0.139524
vn 0.0134711 0.979496 -0.201014
vt 4.10599 0.523318
vt 5.17088 -0.135248
f 592/2932/1278 579/2933/1278 451/2934/1278

vt -5.50669 6.64211
vn -0.328849 0.849382 0.412806
v -0.105211 0.345162 -0.066588
vt -4.87329 6.72148
vt -4.66681 6.78861
f 592/2935/1279 593/2936/1279 579/2937/1279

vt -4.83175 4.10223
vn -0.0870317 -0.95037 0.298702
vt -5.45933 3.98546
vn -0.133806 -0.932946 0.334228
vt -5.39026 3.73355
vn -0.101308 -0.944759 0.311716
f 593/2938/1280 592/2939/1281 456/2940/1282

vt -5.43137 3.88233
vt -5.84085 3.35284
vn -0.129682 -0.932417 0.337314
vt -5.35583 3.63229
f 592/2941/1281 455/2942/1283 456/2943/1282

vt -2.40937 -0.799287
vn 0.154708 -0.956111 0.248833
vt -2.52439 -1.44403
vt -2.26259 -1.45235
vn 0.174058 -0.944752 0.277754
f 592/2944/1284 452/2945/933 455/2946/1285

vt -6.05816 13.2521
vn -0.672132 -0.223581 0.705869
vt -5.43258 13.4459
vt -5.83809 13.3891
f 452/2947/1286 592/2948/1286 451/2949/1286

vt -2.4884 -0.401233
vt -2.23331 -1.25409
vt -2.22656 -0.407962
f 452/2950/933 453/2951/935 455/2952/1285

vt -4.45573 1.6659
vt -4.90678 1.17151
vt -4.35647 1.42452
vn -0.0357958 -0.963557 0.265098
f 593/2953/1280 456/2954/1282 457/2955/1287

v -0.0913733 0.341988 -0.0644026
vt -3.99945 5.53796
vn -0.242415 -0.959898 0.140824
vt -4.34751 5.9837
vt -4.47028 5.75339
f 594/2956/1288 593/2957/1288 457/2958/1288

vt -4.73096 10.8287
vn -0.249733 -0.531465 0.809431
vt -4.185 10.6812
vt -4.5179 10.8705
f 593/2959/1289 594/2960/1289 579/2961/1289

vt -2.08545 13.2675
vn 0.205704 0.456704 0.86551
vt -3.25149 13.6647
vt -2.9136 13.4844
f 578/2962/1290 579/2963/1290 594/2964/1290

vt 0.611043 8.9106
vn -0.226131 -0.884422 -0.408243
vt 1.32812 9.37824
vn -0.249837 -0.910881 -0.328447
vt 1.171 9.586
f 578/2965/1291 594/2966/1292 458/2967/1291

vt 4.18418 5.84805
vn 0.0997415 -0.940794 -0.323974
vt 4.67033 6.02622
vt 4.24647 6.10097
f 594/2968/1293 457/2969/1293 458/2970/1293

vt 1.5523 9.93521
vt 2.25063 10.4663
v -0.0698226 0.340262 -0.072601
vt 1.4469 10.1734
vn -0.2007 -0.851216 -0.484924
f 578/2971/1291 458/2972/1291 595/2973/1294

vt 3.63438 10.2526
vn 0.0148363 0.511483 -0.859165
vt 3.00416 10.2887
vn 0.0676038 0.554015 -0.829757
vt 2.79786 10.0737
f 458/2974/1295 459/2975/1296 595/2976/1296

v -0.0494925 0.334623 -0.0737408
vt 2.35962 9.07135
vn 0.120002 0.593524 -0.79582
vt 3.14438 9.34719
vt 3.33436 9.5767
f 596/2977/1297 595/2978/1296 459/2979/1296

vt 2.17909 10.588
vn 0.0731584 0.444253 -0.892909
vt 2.18262 10.4037
vt 2.97315 10.8358
f 596/2980/1298 574/2981/1298 595/2982/1298

v -0.0449022 0.326992 -0.0753344
vt 2.89707 10.9496
vn 0.402737 0.412878 -0.816906
vt 3.06479 11.0982
vt 3.03142 11.2795
f 597/2983/1299 574/2984/1299 596/2985/1299

vt 1.63422 13.2201
vn -0.041956 -0.242349 -0.969281
vt 2.49048 13.199
vn -0.0553787 -0.234467 -0.970545
vt 1.81074 13.358
vn -0.0435913 -0.195773 -0.97968
f 597/2986/1300 573/2987/1301 574/2988/1302

vt 1.64165 13.2028
vt 2.71773 13.0551
vn -0.0612418 -0.25368 -0.965348
vt 2.4979 13.1812
f 597/2989/1300 569/2990/1303 573/2991/1301

vt 1.76854 12.2935
vt 2.56499 12.4471
vt 1.48812 12.5889
vn -0.0914985 0.0786172 -0.992697
f 568/2992/1218 569/2993/1218 597/2994/1304

vt 2.08825 13.1043
vn 0.111037 -0.114857 -0.987157
v -0.0402986 0.319636 -0.0739606
vt 1.90209 12.8128
vt 2.36756 12.8079
f 597/2995/1305 598/2996/1305 568/2997/1305

vt 3.27284 12.0733
vn 0.791521 0.410831 -0.452452
vt 3.31533 11.4453
vt 3.45223 11.7629
f 460/2998/1306 598/2999/1306 597/3000/1306

v -0.0284123 0.317035 -0.06446
vt 2.55021 10.9226
vn 0.622185 0.412207 -0.665561
vt 3.1475 11.035
vt 3.18309 11.6635
f 599/3001/1307 598/3002/1307 460/3003/1307

vt 2.93177 11.1865
vn 0.509129 -0.41914 -0.751738
vt 2.94648 12.063
vt 2.34927 11.9502
f 567/3004/1308 598/3005/1308 599/3006/1308

vt 1.91063 12.6558
vn 0.106015 -0.385655 -0.916532
vt 2.06728 11.7933
vt 2.3761 12.6506
f 598/3007/1309 567/3008/1216 568/3009/1216

vt 1.9154 11.3558
vt 2.66011 11.7856
vn 0.401552 -0.245826 -0.882228
vt 2.02752 12.5084
vn 0.377761 -0.282198 -0.881851
f 565/3010/1210 567/3011/1310 599/3012/1311

vt 1.98306 11.4342
vt 2.54762 11.1262
vt 2.73241 11.8558
f 565/3013/1210 566/3014/1212 567/3015/1310

vt 2.77337 12.3513
vn 0.906966 -0.143412 -0.396039
vt 1.81899 10.9368
vt 2.46893 11.234
vn 0.888029 -0.19753 -0.415194
f 599/3016/1312 554/3017/1177 565/3018/1313

v -0.0156794 0.319359 -0.046122
vt 1.8571 12.2963
vn 0.810031 -0.249044 -0.530873
vt 1.82886 10.7564
vt 2.73572 12.2018
f 600/3019/1314 554/3020/1314 599/3021/1314

vt 1.91471 12.2284
vn 0.899338 -0.241266 -0.364667
vt 1.03167 10.5981
vt 1.81273 10.6915
f 600/3022/1315 553/3023/1175 554/3024/1177

v -0.00829929 0.318492 -0.0355551
vt 1.32067 11.9265
vn 0.774305 -0.349225 -0.527725
vt 1.06963 10.2711
vt 1.82794 11.963
vn 0.752743 -0.354349 -0.554811
f 601/3025/1316 553/3026/1175 600/3027/1317

vt 1.35887 11.9364
vt 0.459745 9.00683
vt 1.06532 10.288
f 601/3028/1316 552/3029/1176 553/3030/1175

vt 0.92223 11.7737
vn 0.405732 -0.434281 -0.804227
v -0.000926009 0.250241 0.00501965
vt -0.0564654 8.79073
vt 0.671452 8.7196
f 601/3031/1318 602/3032/1318 552/3033/1318

vt 0.634684 11.5907
vn 0.19206 -0.417583 -0.888109
v 0.00209645 0.320144 -0.034084
vt 0.222903 11.6651
vt -0.00915497 8.51798
vn 0.197656 -0.485069 -0.851845
f 601/3034/1319 603/3035/1319 602/3036/1320

vt 0.184327 12.2809
vt 0.596982 12.2116
vt 0.755934 13.5376
vn 0.185331 -0.347634 -0.919132
f 603/3037/1319 601/3038/1319 468/3039/1321

vt 1.56245 13.6408
vn 0.656308 -0.243443 -0.71414
vt 1.18778 12.3589
vt 2.1412 13.4028
f 468/3040/1322 601/3041/1322 467/3042/1322

vt 1.33311 12.5506
vn 0.817323 -0.0443489 -0.574471
vt 1.84055 12.5847
vn 0.820227 -0.0419478 -0.570498
vt 2.3188 13.5641
f 601/3043/1323 600/3044/1324 467/3045/1324

vt 1.84577 12.584
vt 2.7247 12.4924
vn 0.823107 -0.0395455 -0.566508
vt 2.32442 13.5631
f 600/3046/1324 599/3047/1325 467/3048/1324

vt 1.73938 13.153
vn 0.428441 0.149781 -0.891069
vt 2.10782 12.0709
vt 2.80305 12.7536
f 467/3049/1326 599/3050/1326 460/3051/1326

vt 1.48098 11.0103
vn 0.260921 0.477532 -0.838978
vt 2.52449 10.5608
vt 2.45047 11.5106
f 467/3052/1327 460/3053/958 461/3054/957

vt 1.65289 13.4964
vn 0.155208 0.220974 -0.96285
vt 1.20107 12.7597
vt 2.19458 13.2104
f 466/3055/1328 467/3056/1328 461/3057/1328

vt 2.79513 13.2114
vt 1.44717 12.318
vn 0.0517359 0.392041 -0.918492
vt 1.97943 12.0149
f 462/3058/959 466/3059/1329 461/3060/957

vt 0.378151 13.302
vn -0.00640269 -0.419521 -0.907723
vt -0.461652 13.3278
vt -0.0920004 12.004
f 468/3061/1330 469/3062/1330 603/3063/1330

vt -1.60767 13.8261
vn -0.660936 -0.138222 -0.737603
v 0.0154208 0.319163 -0.0459681
vt -1.66493 12.5737
vt -0.962033 12.6127
vn -0.66487 -0.138466 -0.734013
f 469/3064/1331 604/3065/1331 603/3066/1332

vt -1.59567 13.8289
vt -2.18419 13.5856
vn -0.656984 -0.137975 -0.741172
vt -1.65479 12.5766
f 469/3067/1331 470/3068/1333 604/3069/1331

vt -1.83364 12.5699
vn -0.822248 -0.00931313 -0.569053
vt -2.38096 13.5693
vt -2.71713 12.4933
f 604/3070/1334 470/3071/1334 471/3072/1334

v 0.0238142 0.281386 -0.0410855
vt -1.86641 10.7577
vn -0.808109 -0.248569 -0.534015
vt -1.8446 12.2932
vt -2.72786 12.2141
f 605/3073/1335 604/3074/1335 471/3075/1335

vt -1.84974 10.6696
vn -0.871323 -0.290014 -0.395839
v 0.0171583 0.269417 -0.0161704
vt -0.841521 10.1834
vn -0.879851 -0.286907 -0.378876
vt -1.90593 12.2042
vn -0.90027 -0.24641 -0.358881
f 605/3076/1336 606/3077/1337 604/3078/1338

v 0.0326188 0.236342 -0.0246186
vt -1.40302 8.60347
vn -0.877303 -0.273502 -0.39438
vt -0.854161 9.97294
vt -1.8578 10.4685
f 607/3079/1339 606/3080/1337 605/3081/1336

vt -0.859653 9.99824
vt -1.41497 8.63138
v 0.0200542 0.237915 0.00169985
vt -0.266959 8.69637
vn -0.866641 -0.304069 -0.39557
f 606/3082/1337 607/3083/1339 608/3084/1340

vt -1.43068 9.33339
vn -0.898708 0.068619 -0.433147
v 0.0193327 0.223447 0.000905045
vt -0.298361 8.82451
vt -0.282507 9.39545
f 607/3085/1341 609/3086/1341 608/3087/1341

vt -1.25364 8.73272
vn -0.861917 0.458184 -0.217177
v 0.0194738 0.216702 -0.0138855
vt -0.717431 7.86279
vt -0.151417 8.16155
f 607/3088/1342 610/3089/1342 609/3090/1342

vt -1.51242 9.13755
vn -0.79229 0.266224 -0.549001
v 0.0328228 0.221216 -0.0322481
vt -1.76867 8.52169
vt -0.876121 8.33791
vn -0.810875 0.254796 -0.526841
f 607/3091/1343 611/3092/1343 610/3093/1344

vt -1.78892 8.44672
vt -1.5425 9.06657
v 0.0436199 0.224927 -0.0450694
vt -2.44749 8.59877
vn -0.772938 0.277395 -0.57063
f 611/3094/1343 607/3095/1343 612/3096/1345

vt -2.49037 9.03735
vt -2.32092 8.63598
vn -0.903727 -0.145983 -0.402451
vt -1.4091 9.09033
f 490/3097/1036 612/3098/1346 607/3099/1339

vt -2.97765 8.71987
vt -2.31817 8.63777
vt -2.48781 9.03906
f 491/3100/1038 612/3101/1346 490/3102/1036

vt -2.59745 8.34911
vn -0.882112 0.339209 -0.326827
vt -2.26049 8.66749
vt -2.91943 8.75384
f 493/3103/1347 612/3104/1347 491/3105/1347

vt -2.72629 7.52529
vn -0.725361 0.508873 -0.463572
vt -1.76568 7.7035
vt -2.41992 7.8732
f 493/3106/1348 611/3107/1348 612/3108/1348

vt -2.17339 6.19624
vn -0.61004 0.664188 -0.432095
vt -1.78296 6.72375
vt -2.73816 6.51854
f 494/3109/1349 611/3110/1349 493/3111/1349

vt -2.09281 5.12043
vn -0.427827 0.743862 -0.513453
vt -1.32339 5.36944
vt -1.8055 5.71049
f 494/3112/1350 501/3113/1350 611/3114/1350

vt -2.15296 7.37381
vn -0.666012 0.431097 -0.608756
vt -1.68424 7.18493
vt -1.36557 7.55824
f 494/3115/1351 500/3116/1051 501/3117/1053

vt -1.52156 8.07071
vt -1.99501 8.24742
vt -2.28 7.22195
f 500/3118/1050 494/3119/1044 495/3120/1045

vt -1.472 4.54279
vn -0.405016 0.9116 -0.0703386
vt -1.2688 3.98831
vn -0.46401 0.88327 -0.0673028
vt -0.669797 4.11048
vn -0.452767 0.88476 -0.110464
f 611/3121/1352 501/3122/1353 610/3123/1354

vt -0.636041 5.06943
vt -1.23985 4.97376
vt -0.939071 4.54097
vn -0.475938 0.869757 -0.130403
f 610/3124/1354 501/3125/1353 502/3126/1355

vt -0.816354 4.42726
vt -0.969042 3.83753
v 0.00694704 0.2116 -0.00952376
vt -0.454802 4.00025
vn -0.427633 0.88246 -0.195942
f 610/3127/1354 502/3128/1355 613/3129/1356

vt -0.584891 1.86092
vn -0.219912 0.959838 -0.174214
vt -0.463739 2.31953
vt -0.929026 2.04672
f 504/3130/1357 613/3131/1357 502/3132/1357

vt -0.0574009 1.88546
vn -0.0228092 0.94889 -0.314782
v -0.00585659 0.211392 -0.00922223
vt 0.203731 2.26722
vn -0.0236841 0.930997 -0.364257
vt -0.299888 2.29314
f 504/3133/1358 614/3134/1359 613/3135/1359

vt 0.598398 1.87244
vn 0.226161 0.960032 -0.164895
vt 0.922475 2.00632
vt 0.42922 2.30292
f 504/3136/1360 505/3137/1360 614/3138/1360

vt 0.969126 3.59382
vn 0.455529 0.882777 -0.11488
vt 0.788687 4.22117
vt 0.424402 3.77969
vn 0.428002 0.867794 -0.252483
f 505/3139/1361 549/3140/1168 614/3141/1362

vt 0.955395 4.28716
vt 1.22899 4.78778
vt 0.619775 4.84706
f 505/3142/1361 547/3143/1169 549/3144/1168

vt 1.22441 7.15211
vn 0.557015 0.344332 -0.755758
vt 1.28997 7.80437
vt 0.785731 7.53751
f 506/3145/1363 547/3146/1363 505/3147/1363

vt 1.63513 7.98122
vn 0.914936 0.331337 -0.230451
vt 1.30318 8.1585
vt 1.39535 7.50946
f 546/3148/1364 547/3149/1364 506/3150/1364

vt 0.42897 4.55601
vt 0.875443 4.91417
vt 0.461553 5.23358
vn 0.442096 0.834792 -0.328135
f 614/3151/1362 549/3152/1168 551/3153/1365

vt 0.381966 4.7728
vn 0.298227 0.805486 -0.512106
vt 0.634752 5.40228
v 0.00141186 0.218758 0.00659537
vt -0.178705 5.26211
f 614/3154/1366 551/3155/1366 615/3156/1366

vt -0.149023 8.59439
vn 0.392168 -0.0254686 -0.919541
vt 0.672225 8.67754
vn 0.375146 -0.0441811 -0.925912
vt 0.687572 9.77099
vn 0.394356 -0.0295382 -0.918483
f 615/3157/1367 551/3158/1368 552/3159/1369

vt -0.157947 8.60838
vt 0.680078 9.78396
vt -0.0484933 9.84803
vn 0.40058 -0.016105 -0.91612
f 615/3160/1367 552/3161/1369 602/3162/1370

v 0.0115606 0.228607 0.0106803
vt -0.582594 8.99526
vn 0.387767 -0.0173304 -0.921595
vt -0.151937 8.60744
vt -0.0430399 9.84714
f 616/3163/1371 615/3164/1367 602/3165/1370

vt -0.639488 6.88569
vn -0.378747 0.659553 -0.649262
vt 0.0828255 6.64007
vt -0.181264 7.15594
f 609/3166/1372 615/3167/1372 616/3168/1372

vt -0.586217 5.67012
vn -0.410974 0.805493 -0.426944
vt -0.444139 4.89313
vt 0.111976 5.36256
vn -0.361463 0.799784 -0.47926
f 609/3169/1373 613/3170/1373 615/3171/1374

vt -0.452307 5.69005
vt -0.907747 5.24037
vn -0.458339 0.806997 -0.3724
vt -0.463475 4.90025
f 609/3172/1373 610/3173/1375 613/3174/1373

vt 0.20866 3.09849
vt -0.0401046 3.79984
vn -0.0244934 0.910527 -0.412722
vt -0.295238 3.11827
f 614/3175/1359 615/3176/1376 613/3177/1359

vt -0.458823 9.38888
vn -0.761413 0.0733606 -0.644102
vt -0.464366 8.81775
vt 0.0270776 9.02143
f 608/3178/1377 609/3179/1377 616/3180/1377

vt -0.148169 8.44075
vn -0.527358 -0.289478 -0.798809
v 0.0089344 0.250874 0.00434471
vt -0.199307 9.35663
vt -0.622029 8.8236
f 616/3181/1378 617/3182/1378 608/3183/1378

vt -0.433658 8.52074
vn -0.0477843 -0.27856 -0.959229
vt 0.0462444 9.40759
vt -0.342802 9.43353
f 616/3184/1379 602/3185/1379 617/3186/1379

vt 0.0428855 8.50878
vn -0.0284952 -0.487068 -0.872899
vt -0.126275 11.6599
vt -0.34598 8.5373
f 602/3187/1380 603/3188/1380 617/3189/1380

vt -1.01483 11.8218
vn -0.634897 -0.417968 -0.649775
vt -0.927564 9.62409
vn -0.637733 -0.419199 -0.646196
vt -0.124594 8.82076
vn -0.645715 -0.419507 -0.638017
f 603/3190/1381 606/3191/1382 617/3192/1383

vt -0.978441 11.8335
vt -1.68113 11.791
vn -0.621518 -0.418418 -0.6623
vt -0.92824 9.63464
f 603/3193/1381 604/3194/1384 606/3195/1382

vt -0.5089 8.23736
vn -0.643361 -0.421632 -0.638994
vt -0.126512 8.80003
vt -0.927735 9.60511
f 608/3196/1385 617/3197/1383 606/3198/1382

vt -2.53936 9.64814
vt -2.48446 8.62557
vt -1.40328 8.68031
f 489/3199/1037 490/3200/1036 607/3201/1339

vt -1.42225 8.5938
vt -1.86246 10.4624
vt -2.55109 9.57007
f 607/3202/1339 605/3203/1336 489/3204/1037

vt -1.86738 10.5834
v 0.0281312 0.291433 -0.056035
vt -2.46835 10.9964
vn -0.851103 -0.28772 -0.439136
vt -2.56633 9.69918
f 605/3205/1336 618/3206/1386 489/3207/1037

vt -1.8415 10.9777
vn -0.933258 -0.108513 -0.342423
vt -2.76316 12.3968
vt -2.45259 11.3756
f 605/3208/1387 471/3209/1387 618/3210/1387

vt -2.19701 11.3872
vn -0.576737 -0.240548 -0.780712
vt -2.39422 12.4362
vn -0.547308 -0.242338 -0.801078
v 0.0371684 0.295381 -0.0639274
vt -2.66766 11.5478
vn -0.558849 -0.237977 -0.79439
f 618/3211/1388 471/3212/1389 619/3213/1390

vt -2.58585 11.6215
vt -2.29839 12.5055
vt -2.94022 12.5011
vn -0.522215 -0.232469 -0.820518
f 619/3214/1390 471/3215/1389 472/3216/1391

vt -1.94801 11.6578
vn -0.175974 -0.308964 -0.934652
vt -2.2075 12.5699
vt -2.78082 11.2559
vn -0.0947283 -0.282116 -0.954692
f 619/3217/1392 472/3218/991 487/3219/1393

vt -1.90112 12.7282
vt -2.4453 12.8287
vt -2.52397 11.437
f 472/3220/991 474/3221/993 487/3222/1393

vt -2.22283 11.5298
vt -2.09451 12.9178
vt -3.12637 12.4871
f 487/3223/1393 474/3224/993 478/3225/1011

vt -2.47484 11.5025
vt -3.40168 12.4373
vt -3.83941 11.1878
vn -0.108867 -0.213107 -0.970945
f 487/3226/1393 478/3227/1011 482/3228/1394

vt -4.02849 11.1077
vt -3.6142 12.3651
vt -4.56185 12.386
f 482/3229/1394 478/3230/1011 479/3231/1013

vt -1.81502 10.3495
vn -0.159402 -0.270525 -0.949425
vt -1.85985 11.8015
vt -2.69758 11.41
f 489/3232/1395 619/3233/1392 487/3234/1393

vt -2.20621 11.4222
vt -2.67717 11.5819
vt -2.45799 10.1459
vn -0.581588 -0.22912 -0.780551
f 618/3235/1388 619/3236/1390 489/3237/1396

vt 1.82756 10.6976
vt 2.25503 9.6662
vt 2.47441 11.0016
f 554/3238/1177 555/3239/1178 565/3240/1313

vt 3.23048 11.0855
vn 0.633008 0.503586 -0.587964
vt 3.37621 10.758
vt 3.45323 11.1057
f 460/3241/1397 597/3242/1397 596/3243/1397

vt 3.95635 6.28775
vn 0.332663 0.912902 -0.236525
vt 3.27566 5.24854
vt 3.49518 5.29134
f 459/3244/1398 460/3245/1398 596/3246/1398

vt 2.58875 13.1036
vt 3.06603 13.244
vn -0.0821531 -0.21855 -0.972361
vt 2.36758 13.2274
f 569/3247/1303 570/3248/1399 573/3249/1301

vt -2.87236 6.53522
vt -2.12481 6.73208
vn 0.0440076 0.960932 0.273263
vt -2.821 6.79058
f 571/3250/1224 573/3251/1400 570/3252/1224

vt -1.36893 9.40533
vn -0.452058 -0.8528 -0.261489
vt -1.09779 10.2457
vt -1.60986 9.5045
f 575/3253/1401 595/3254/1401 574/3255/1401

vt -0.187668 10.549
vn -0.384145 -0.79475 -0.4699
vt 0.478622 11.0661
vt 0.319168 11.2721
f 575/3256/1402 578/3257/1402 595/3258/1402

vt -5.79945 12.1442
vn -0.590279 -0.549404 0.591376
vt -5.56647 12.586
vn -0.64009 -0.483412 0.597159
vt -7.51721 11.6644
vn -0.668465 -0.454356 0.588826
f 451/3259/1403 591/3260/1404 426/3261/1405

vt -6.08602 14.1947
vn -0.748716 -0.343585 0.566898
vt -7.45653 12.3581
vt -5.4838 13.2317
f 590/3262/1406 426/3263/1405 591/3264/1404

vt -5.8667 14.6542
v -0.169421 0.349547 -0.12959
vt -8.06892 13.6034
vn -0.749268 -0.349243 0.562696
vt -7.30365 12.8692
f 590/3265/1406 620/3266/1407 426/3267/1405

vt -7.11504 15.0815
vn -0.776216 -0.280294 0.564734
vt -7.99618 13.8422
vt -5.78298 14.8697
f 235/3268/1408 620/3269/1407 590/3270/1406

vt -5.93659 15.3874
vt -6.80569 15.6922
vt -6.89797 14.2093
vn -0.966089 -0.0960874 0.239666
f 235/3271/504 236/3272/505 620/3273/1409

vt -7.83765 16.528
vt -6.01396 14.2773
vt -5.89572 15.7583
f 242/3274/519 620/3275/1409 236/3276/505

vt -8.47061 16.0431
v -0.185346 0.349091 -0.190033
vt -9.09413 13.7855
vn -0.978329 -0.0467116 0.201717
vt -6.63327 13.8035
f 242/3277/519 621/3278/1410 620/3279/1409

vt -7.75198 15.8305
v -0.189507 0.378527 -0.227525
vt -9.85766 14.7315
vn -0.990895 0.051393 0.124441
vt -8.37286 13.5722
f 242/3280/519 622/3281/1411 621/3282/1410

vt -7.55599 15.3902
vt -9.19493 15.6217
vt -9.65976 14.2876
f 242/3283/519 243/3284/520 622/3285/1411

vt 6.65323 10.9217
vn -0.0925114 0.33183 -0.938792
vt 6.53262 12.3293
vn -0.0821613 0.329123 -0.940706
vt 6.27085 12.3091
f 622/3286/1412 243/3287/1413 246/3288/1412

vt 6.85226 6.76058
vt 6.43909 7.9457
vt 6.59089 6.73572
vn -0.0395429 0.641503 -0.766101
f 243/3289/521 244/3290/522 246/3291/1414

vt 6.43873 10.7934
vt 6.0666 12.1836
vt 6.17649 10.7808
vn -0.102851 0.334498 -0.936767
f 622/3292/1412 246/3293/1412 248/3294/1415

v -0.19097 0.347114 -0.2285
vt 6.34993 13.2967
vn -0.136353 0.0357874 -0.990014
vt 6.29751 14.5343
vn -0.123419 0.036537 -0.991682
vt 6.03524 14.5223
vn -0.133129 0.0390503 -0.990329
f 623/3295/1416 622/3296/1417 248/3297/1418

vt -9.92993 14.6354
vt -9.97614 13.3976
vn -0.989425 -0.00538583 0.144946
vt -8.44558 13.4755
f 622/3298/1411 623/3299/1419 621/3300/1410

vt -10.0055 13.9673
v -0.189518 0.316618 -0.229612
vt -10.0404 12.7651
vn -0.983374 -0.0563872 0.172616
vt -8.47496 14.0453
f 623/3301/1419 624/3302/1420 621/3303/1410

vt 6.09347 12.167
vn -0.163985 0.0277628 -0.986072
vt 6.15631 13.3681
vt 5.89378 13.3702
vn -0.153522 0.0351579 -0.98752
f 624/3304/1421 623/3305/1416 249/3306/1422

vt 6.15533 13.2394
vt 5.84157 14.4653
vt 5.8928 13.2415
f 623/3307/1416 248/3308/1418 249/3309/1422

vt 5.76429 12.1042
vt 5.56585 13.3077
vt 5.5021 12.1174
vn -0.16055 0.0225644 -0.98677
f 624/3310/1421 249/3311/1422 250/3312/1423

vt 5.73243 10.6283
vt 5.77211 12.2653
vt 5.50993 12.2784
f 256/3313/538 624/3314/1421 250/3315/1423

vt -10.3024 12.5989
vt -10.3334 10.9618
vn -0.988007 0.0303374 0.151399
v -0.180825 0.308581 -0.186129
vt -8.55661 12.2824
vn -0.985823 -0.0018352 0.16778
f 624/3316/1420 256/3317/1424 625/3318/1425

vt -8.07206 11.5718
vt -9.84555 10.2467
vt -8.47462 10.0101
f 625/3319/1425 256/3320/1424 258/3321/542

vt -7.69645 11.4182
vt -8.09065 9.85441
v -0.180895 0.294454 -0.160837
vt -6.70226 10.8592
vn -0.973831 0.166039 0.15519
f 625/3322/1425 258/3323/542 626/3324/1426

vt -6.89376 11.1751
vt -8.28445 10.1735
v -0.182041 0.264158 -0.152447
vt -6.56824 9.98016
vn -0.991687 0.0165755 0.127602
f 626/3325/1426 258/3326/542 627/3327/1427

vt -6.43681 11.099
vt -8.15293 11.2932
vt -7.15442 9.86011
f 627/3328/1427 258/3329/542 259/3330/543

vt -7.09947 9.94539
vt -7.7526 11.3249
vn -0.919772 -0.148562 0.363249
vt -8.42285 10.0598
f 262/3331/547 627/3332/1428 259/3333/545

vt -6.32464 11.0578
vt -8.42944 10.9169
vt -7.73696 9.55677
f 318/3334/649 627/3335/1428 262/3336/547

v -0.173124 0.293705 -0.12874
vt -7.40356 11.7596
vn -0.874418 0.155341 0.459633
vt -8.39899 10.5948
vt -6.29408 10.734
f 628/3337/1429 627/3338/1428 318/3339/649

vt -6.5427 10.9503
vn -0.954783 0.181588 0.235405
vt -7.84287 10.9799
vt -7.53272 9.78092
f 628/3340/1430 626/3341/1426 627/3342/1427

v -0.168527 0.323283 -0.14326
vt -7.07421 10.9697
vn -0.938718 0.28103 0.199576
vt -7.86328 9.7943
vt -6.56313 9.76378
f 629/3343/1431 626/3344/1426 628/3345/1430

vt -6.70856 10.4601
vt -8.45483 9.85298
vn -0.93888 0.301637 0.165891
vt -7.47476 9.26959
f 629/3346/1431 625/3347/1432 626/3348/1426

vt -9.12718 12.4674
vt -7.37191 13.0479
vn -0.953476 -0.120731 0.276239
vt -9.32721 14.067
f 625/3349/1425 629/3350/1433 621/3351/1410

vt -9.10006 14.4001
vt -7.15046 13.3701
vt -6.63921 14.4183
f 621/3352/1410 629/3353/1433 620/3354/1409

vt -7.39813 12.8845
vt -8.17669 13.6045
vt -8.57013 12.5067
vn -0.727643 -0.336026 0.598015
f 426/3355/1405 620/3356/1407 629/3357/1434

vt -7.21117 13.1841
vn -0.827108 -0.0496515 0.559846
vt -8.38989 12.8278
vt -7.50823 12.9907
f 426/3358/1435 629/3359/1435 423/3360/1435

vt -7.21296 9.89866
vt -8.09038 9.71429
vn -0.82042 0.401074 0.407492
v -0.158583 0.315169 -0.115253
vt -6.9328 9.35225
vn -0.763513 0.406808 0.501553
f 423/3361/873 629/3362/1436 630/3363/1437

vt -6.75131 10.4873
vt -7.91606 10.8256
vt -7.47451 9.59248
f 630/3364/1437 629/3365/1436 628/3366/1429

vt -7.09201 11.2378
vt -7.84105 10.3645
v -0.151261 0.295116 -0.0927184
vt -6.18217 10.4219
vn -0.845597 0.168244 0.506617
f 630/3367/1437 628/3368/1429 631/3369/1438

vt -6.20142 11.3126
vt -7.86036 11.2569
vt -6.75292 10.2291
f 631/3370/1438 628/3371/1429 318/3372/649

vt -7.31678 10.5888
vn -0.720983 -0.0298716 0.692309
v -0.131998 0.283519 -0.0732256
vt -5.68025 11.2124
vt -6.75909 11.6692
vn -0.720374 -0.0319964 0.692847
f 318/3373/1439 632/3374/1439 631/3375/1440

vt -7.31397 10.5831
vt -5.92119 9.90595
vn -0.721588 -0.0277466 0.691767
vt -5.67741 11.2066
f 318/3376/1439 319/3377/1441 632/3378/1439

vt -5.91289 11.0497
vn -0.342724 0.00143265 0.939435
vt -6.1233 9.74323
vn -0.391805 -0.187109 0.900821
v -0.0964537 0.248516 -0.0617051
vt -4.44812 9.66493
vn -0.273464 -0.134528 0.952428
f 632/3379/1442 319/3380/1443 633/3381/1444

vt -4.45432 9.21783
vt -6.12937 9.29887
vt -5.35479 8.3081
vn -0.38742 -0.274519 0.880082
f 633/3382/1444 319/3383/1443 320/3384/1445

vt -4.278 8.33018
vn -0.223969 -0.411877 0.883286
vt -5.12469 7.37019
vn -0.229782 -0.394534 0.889687
v -0.073821 0.234749 -0.0623857
vt -3.42087 7.73539
f 633/3385/1446 320/3386/1447 634/3387/1447

vt -5.14042 7.58371
vt -4.77618 7.02531
vn -0.235509 -0.377042 0.895754
vt -3.43535 7.943
f 320/3388/1447 325/3389/1448 634/3390/1447

v -0.0547166 0.227039 -0.0557601
vt -2.84038 8.59763
vn -0.384535 -0.173736 0.906614
vt -3.63467 8.90586
vt -5.01129 8.04277
f 635/3391/1449 634/3392/1449 325/3393/1449

vt -3.53344 9.28311
vn -0.299027 -0.0116006 0.954174
vt -2.73741 8.9794
vn -0.315755 0.0324983 0.948284
v -0.0475755 0.245821 -0.054026
vt -2.44909 9.71923
f 634/3394/1450 635/3395/1451 636/3396/1450

vt -2.54056 7.83124
vn -0.926754 0.337043 0.165919
v -0.0495112 0.236688 -0.0462851
vt -2.13725 8.23472
vn -0.895557 0.359117 0.262703
vt -2.42381 8.61664
vn -0.910682 0.361883 0.199244
f 635/3397/1452 637/3398/1453 636/3399/1454

v -0.0494156 0.223757 -0.0426344
vt -2.31294 8.64368
vn -0.90946 0.10673 0.40186
vt -2.44635 9.15559
vt -2.87009 8.77362
vn -0.912771 0.104718 0.39482
f 638/3400/1455 637/3401/1455 635/3402/1456

vt -2.46272 9.15147
vt -2.33017 8.63934
v -0.0380501 0.236603 -0.0208642
vt -1.36488 9.14813
vn -0.90609 0.108735 0.408874
f 637/3403/1455 638/3404/1455 639/3405/1457

vt -2.49868 8.65871
vn -0.783444 -0.261923 0.56357
v -0.0375483 0.217582 -0.0290068
vt -1.79031 8.40682
vn -0.834774 -0.235146 0.497855
vt -1.54161 9.18277
f 638/3406/1458 640/3407/1459 639/3408/1459

vt -2.42424 8.07999
vn -0.754059 -0.494035 0.432811
v -0.0484944 0.216361 -0.0494716
vt -2.63964 7.74508
vt -1.72634 7.80038
f 638/3409/1460 641/3410/1460 640/3411/1460

vt -2.72528 8.85052
vn -0.892572 -0.360972 0.27021
vt -2.41734 8.39972
vt -2.17022 8.71196
f 635/3412/1461 641/3413/1461 638/3414/1461

vt -2.9868 8.91438
vn -0.486817 0.159437 0.85883
v -0.0753658 0.202218 -0.062857
vt -3.82519 7.91888
vn -0.498338 0.233601 0.834919
vt -2.64823 8.4861
vn -0.506605 0.160881 0.847035
f 635/3415/1462 642/3416/1463 641/3417/1464

vt -2.92249 8.98778
vt -5.09439 8.43685
vn -0.456147 0.12767 0.880699
vt -3.77287 8.00251
f 635/3418/1462 325/3419/1465 642/3420/1463

vt -5.13972 8.34075
vn -0.513174 -0.0618889 0.85605
vt -5.51423 7.91542
vt -3.8173 7.90913
f 325/3421/1466 326/3422/1466 642/3423/1466

vt -5.51348 7.84144
vn -0.494636 0.265772 0.827466
vt -4.69416 7.09961
vt -3.81655 7.83493
f 326/3424/1467 327/3425/670 642/3426/1463

vt -4.7051 6.98904
v -0.0725553 0.18083 -0.0529863
vt -3.53106 6.84933
vn -0.512504 0.269628 0.815255
vt -3.83451 7.73265
f 327/3427/670 643/3428/1468 642/3429/1463

vt -4.70771 7.13376
vt -2.9611 6.50909
vn -0.517631 0.204299 0.830855
vt -3.53326 6.99759
f 327/3430/670 523/3431/1469 643/3432/1468

vt -4.71133 7.19848
vt -4.41618 6.61451
vt -2.96171 6.58227
f 327/3433/670 328/3434/671 523/3435/1469

vt -3.52207 6.96212
vt -2.95513 6.46756
v -0.04447 0.18721 -0.038197
vt -2.27422 7.22214
vn -0.483087 0.269546 0.83305
f 643/3436/1468 523/3437/1469 644/3438/1470

vt -2.25384 7.30064
vt -2.94295 6.55355
v -0.0302518 0.175446 -0.0275708
vt -1.56277 6.82597
vn -0.459748 0.221209 0.860057
f 644/3439/1470 523/3440/1469 645/3441/1471

vt -1.52546 6.67059
vn -0.301216 -0.160849 0.939892
vt -2.9059 6.39947
vt -1.60726 5.96088
f 645/3442/1472 523/3443/1090 521/3444/1092

vt -1.4522 6.61013
vt -1.51669 5.89864
v -0.0119632 0.167236 -0.023924
vt -0.721239 6.27965
vn -0.254605 -0.142297 0.956519
f 645/3445/1472 521/3446/1092 646/3447/1473

vt -1.30494 4.56236
vn -0.0660222 -0.548977 0.833226
v 0.0149464 0.157408 -0.0282669
vt 0.498698 4.54529
vn -0.000316075 -0.475282 0.879833
vt -0.543919 5.0082
vn -0.0433578 -0.500742 0.86451
f 521/3448/1474 647/3449/1475 646/3450/1476

vt 0.485686 1.64294
vn -0.0391338 -0.900936 0.432185
vt -1.31773 1.67582
vt 0.150908 1.2746
f 647/3451/1477 521/3452/1086 520/3453/1088

v 0.0774937 0.155654 -0.0618922
vt 3.78241 1.12317
vn 0.136496 -0.943131 0.303105
vt 0.993506 1.33093
vt 0.864884 0.850098
f 648/3454/1478 647/3455/1478 520/3456/1478

vt 2.62959 -2.63441
vn -0.00640609 -0.999171 0.0402123
v 0.0593362 0.156509 -0.0435494
vt 2.03725 -1.8081
vt 0.406034 -0.938253
f 648/3457/1479 649/3458/1479 647/3459/1479

v 0.091289 0.169371 -0.0634731
vt 4.31979 6.0459
vn 0.592361 -0.525331 0.610848
vt 2.87063 5.45076
vt 3.88656 5.41122
f 650/3460/1480 649/3461/1480 648/3462/1480

v 0.0620175 0.16894 -0.0426155
vt 2.96197 6.54878
vn 0.489758 -0.116532 0.864036
vt 2.89754 6.0509
vn 0.513876 -0.173934 0.840047
vt 4.37702 6.56605
vn 0.572245 -0.183462 0.799298
f 651/3463/1481 649/3464/1482 650/3465/1483

vt 2.86244 6.00511
vt 2.93935 6.50122
v 0.0296968 0.163133 -0.0269992
vt 1.52665 6.26948
vn 0.445519 -0.082272 0.891484
f 649/3466/1482 651/3467/1481 652/3468/1484

vt 2.92841 6.65098
v 0.0314486 0.176894 -0.0278386
vt 1.59168 6.96411
vn 0.435117 -0.000469358 0.900374
vt 1.5152 6.42236
f 651/3469/1481 653/3470/1485 652/3471/1484

vt 2.94903 6.53309
vn 0.521428 0.205662 0.82814
v 0.0443695 0.18778 -0.0379998
vt 2.25332 7.29594
vn 0.488421 0.269182 0.830052
vt 1.61441 6.85513
vn 0.469028 0.237345 0.850694
f 651/3472/1486 654/3473/1487 653/3474/1488

v 0.0729237 0.18107 -0.0529432
vt 3.53364 6.96506
vn 0.512073 0.271495 0.814906
vt 2.26682 7.23871
vt 2.95652 6.47043
f 655/3475/1489 654/3476/1487 651/3477/1486

v 0.0756991 0.202427 -0.0628228
vt 3.83363 7.74698
vn 0.503353 0.21135 0.837835
vt 2.27124 7.14039
vt 3.53713 6.86248
f 656/3478/1490 654/3479/1487 655/3480/1489

v 0.0354725 0.209722 -0.0405451
vt 2.02828 8.06617
vn 0.508194 0.248893 0.824495
vt 2.27309 7.16114
vt 3.83643 7.76527
f 657/3481/1491 654/3482/1487 656/3483/1490

vt 2.27919 7.13943
vt 2.03943 8.0458
v 0.0260179 0.206132 -0.0330755
vt 1.56718 7.89751
vn 0.491905 0.269771 0.8278
f 654/3484/1487 657/3485/1491 658/3486/1492

v 0.0231981 0.210689 -0.026851
vt 1.39567 7.42924
vn 0.662157 -0.372667 0.650129
vt 1.6501 7.22968
vn 0.683569 -0.405789 0.606687
vt 2.11945 7.38692
vn 0.653772 -0.43819 0.616906
f 659/3487/1493 658/3488/1494 657/3489/1495

vt 1.39683 7.70611
v 0.0163959 0.199195 -0.0259086
vt 1.1966 7.21851
vn 0.665002 -0.339002 0.66547
vt 1.65605 7.51282
f 659/3490/1493 660/3491/1496 658/3492/1494

v 0.0117512 0.204437 -0.0198397
vt 0.856438 7.58013
vn 0.612538 -0.302643 0.730209
vt 1.15009 7.3636
vt 1.37911 7.83836
f 661/3493/1497 660/3494/1496 659/3495/1493

vt 0.884219 5.3002
vn 0.190095 -0.666321 0.721027
vt 0.646485 5.57697
v 0.00104955 0.199681 -0.0214131
vt 0.254874 5.32587
f 660/3496/1498 661/3497/1498 662/3498/1498

vt 0.800777 4.2165
vn 0.295203 -0.820287 0.489882
v -5.08465e-05 0.202119 -0.0166093
vt 0.337583 4.05572
vt 0.472749 3.88665
vn 0.29452 -0.823291 0.485231
f 661/3499/1499 663/3500/1499 662/3501/1500

vt 0.798046 4.28459
v -0.00727004 0.205321 -0.00699789
vt -0.104162 4.34499
vn 0.295877 -0.817257 0.494518
vt 0.33402 4.12622
f 661/3502/1499 664/3503/1501 663/3504/1499

vt 0.612129 0.147199
vn 0.0206164 -0.994871 0.0990314
v 0.00865247 0.205628 -0.00723502
vt 0.391552 0.610542
vt -0.224063 0.491307
f 661/3505/1502 665/3506/1502 664/3507/1502

vt 0.397835 3.97997
vn 0.430382 -0.882603 0.189164
vt 0.901225 3.88027
vn 0.469152 -0.874452 0.12341
v 0.0236473 0.211941 -0.0118954
vt 0.803347 4.50866
vn 0.459179 -0.882361 0.102925
f 665/3508/1503 661/3509/1504 666/3510/1505

vt 0.827986 4.41217
vt 1.15275 4.89632
vn 0.472163 -0.879504 0.0594558
vt 0.569634 4.9933
f 661/3511/1504 659/3512/1506 666/3513/1505

vt 0.593856 4.46296
vt 1.17441 4.35164
v 0.037444 0.217489 -0.0292708
vt 1.34714 4.95619
vn 0.438494 -0.8966 0.0618985
f 666/3514/1505 659/3515/1506 667/3516/1507

vt 1.85928 5.6071
vn 0.445479 -0.771795 0.453741
vt 1.39232 5.18608
vt 2.11485 5.12626
f 667/3517/1508 659/3518/1508 657/3519/1508

v 0.0487052 0.216482 -0.0494129
vt 2.66227 6.52096
vn 0.608598 -0.699171 0.375191
vt 1.75458 6.57637
vt 2.09168 6.14872
f 668/3520/1509 667/3521/1509 657/3522/1509

v 0.0494402 0.223577 -0.0421341
vt 2.4207 7.93425
vn 0.7326 -0.522926 0.435714
vt 1.74402 7.65304
vt 2.65221 7.60656
f 669/3523/1510 667/3524/1510 668/3525/1510

vt 2.49894 8.60925
vn 0.764594 -0.276593 0.582145
v 0.0386351 0.236565 -0.0217714
vt 1.6034 9.14136
vt 1.80991 8.35982
f 669/3526/1511 670/3527/1511 667/3528/1511

vt 1.40489 9.13025
vn 0.906125 0.116106 0.406764
vt 2.31048 8.61541
vn 0.913223 0.1102 0.392275
v 0.0500157 0.236374 -0.0470687
vt 2.49699 9.12265
vn 0.905053 0.208532 0.370667
f 670/3529/1512 669/3530/1513 671/3531/1514

vt 2.46204 9.13878
vt 2.27372 8.63221
v 0.0545123 0.227335 -0.0555276
vt 2.83735 8.78096
vn 0.932435 0.16124 0.323368
f 671/3532/1514 669/3533/1513 672/3534/1515

vt 2.67205 8.91582
vn 0.905458 -0.346007 0.245814
vt 2.11084 8.75813
vt 2.37982 8.46042
f 672/3535/1516 669/3536/1516 668/3537/1516

vt 2.97491 8.92181
vn 0.494429 0.170958 0.85224
vt 2.65387 8.48625
vn 0.507672 0.168995 0.844813
vt 3.83546 7.92216
f 672/3538/1517 668/3539/1518 656/3540/1490

vt 2.63705 8.53687
vt 2.0111 8.26795
vt 3.821 7.97773
f 668/3541/1518 657/3542/1491 656/3543/1490

v 0.106815 0.213248 -0.081581
vt 5.22881 8.42362
vn 0.492834 0.0841454 0.866045
vt 2.92981 8.98435
vt 3.7998 7.9929
f 673/3544/1519 672/3545/1517 656/3546/1490

vt 5.13923 7.95993
vn 0.391719 -0.204651 0.897036
vt 3.63322 9.08221
vt 2.84167 8.52652
f 673/3547/1520 390/3548/1520 672/3549/1520

vt 4.78049 6.58405
vn 0.187116 -0.433205 0.881658
v 0.114486 0.226677 -0.0766109
vt 5.03531 7.17063
vn 0.173861 -0.458954 0.871283
vt 3.35149 7.80288
f 673/3550/1521 674/3551/1522 390/3552/1522

v 0.130761 0.209193 -0.10471
vt 6.59461 6.95823
vn 0.492227 -0.582051 0.647247
vt 5.39675 7.77875
vt 5.288 7.14852
vn 0.533287 -0.544318 0.647551
f 675/3553/1523 674/3554/1523 673/3555/1524

vt 6.58071 6.20476
v 0.134915 0.21797 -0.0991959
vt 6.5907 6.64426
vn 0.449636 -0.617974 0.644931
vt 5.42242 7.08026
f 675/3556/1523 676/3557/1525 674/3558/1523

v 0.144345 0.211777 -0.12075
vt 7.15329 7.83276
vn 0.709665 -0.466605 0.527879
vt 6.24516 8.13722
vn 0.680835 -0.568883 0.461341
vt 6.32925 7.70572
vn 0.677889 -0.552375 0.485127
f 677/3559/1526 676/3560/1527 675/3561/1528

vt 7.09346 8.1795
v 0.14749 0.233452 -0.100344
vt 6.48996 9.19178
vn 0.709653 -0.534785 0.458691
vt 6.18037 8.46872
f 677/3562/1526 678/3563/1529 676/3564/1527

vt 8.16099 9.08415
vn 0.715192 -0.474472 0.513203
vt 6.44959 9.26249
vt 7.06106 8.25501
f 68/3565/1530 678/3566/1529 677/3567/1526

vt 6.82086 11.1694
vt 6.35503 9.64534
vn 0.809607 -0.232162 0.539107
vt 8.06862 9.48941
f 71/3568/138 678/3569/1531 68/3570/136

vt 7.14195 10.9812
v 0.135925 0.25089 -0.0783991
vt 5.67361 10.1722
vn 0.782743 -0.215609 0.583803
vt 6.63835 9.46918
f 71/3571/138 679/3572/1532 678/3573/1531

vt 7.37844 10.7078
vn 0.727833 -0.0493083 0.683979
vt 5.6671 11.2202
vt 5.89989 9.91769
vn 0.733821 -0.0233861 0.67894
f 71/3574/1533 388/3575/1533 679/3576/1534

vt 6.67984 11.7186
vn 0.721311 -0.0751944 0.688518
vt 5.69542 11.2815
vt 7.40635 10.7678
f 83/3577/1535 388/3578/1533 71/3579/1533

vt 6.50149 11.5464
vt 5.9126 10.4612
vt 6.88854 10.917
vn 0.570922 0.29208 0.767292
f 84/3580/809 388/3581/809 83/3582/1536

vt 5.9538 11.1044
v 0.102506 0.247174 -0.0628349
vt 4.70737 9.6503
vn 0.394213 -0.054366 0.91741
vt 6.15873 9.79714
vn 0.428548 -0.087615 0.899261
f 388/3583/813 680/3584/1537 679/3585/1538

vt 5.90723 11.1599
vt 4.30943 10.9363
vt 4.65467 9.71108
f 388/3586/813 389/3587/812 680/3588/1537

vt 4.23699 9.47941
vn 0.0872444 -0.0974099 0.991413
vt 3.91222 10.7102
vt 3.11611 9.24112
f 680/3589/1539 389/3590/815 390/3591/815

vt 4.984 6.77242
vt 4.42088 7.69479
vn 0.160441 -0.484269 0.860083
vt 3.30746 7.42373
f 674/3592/1522 680/3593/1540 390/3594/1522

vt 6.16887 9.26143
vn 0.429117 -0.317505 0.845606
vt 4.71828 9.10717
vt 5.38432 8.25614
f 679/3595/1541 680/3596/1541 674/3597/1541

vt 6.97829 8.51582
vn 0.581574 -0.443056 0.682256
vt 6.0697 9.29008
vn 0.578279 -0.462389 0.672153
vt 5.38393 8.21498
f 678/3598/1542 679/3599/1543 674/3600/1542

vt 6.5778 7.96208
vn 0.584587 -0.423507 0.692026
vt 6.98516 8.63493
vt 5.38961 8.34047
f 676/3601/1544 678/3602/1542 674/3603/1542

vt 8.40298 8.96915
vt 7.26194 8.19759
vt 7.72046 8.2169
vn 0.72432 -0.369997 0.581776
f 68/3604/1530 677/3605/1526 67/3606/1545

vt 7.26815 8.3526
vt 7.40336 7.58869
vn 0.723943 -0.327914 0.606942
vt 7.7267 8.37119
f 677/3607/1526 66/3608/1546 67/3609/1545

vt 7.31742 8.2528
v 0.129813 0.167349 -0.127773
vt 7.15009 6.39933
vn 0.711558 -0.330745 0.619913
vt 7.44313 7.48726
f 677/3610/1526 681/3611/1547 66/3612/1546

vt 5.35748 9.54649
vn 0.940112 -0.324162 0.105396
v 0.129936 0.172727 -0.112322
vt 4.96455 7.92133
vn 0.922467 -0.366826 0.120387
vt 5.56854 7.69749
f 677/3613/1548 682/3614/1549 681/3615/1549

v 0.132739 0.202467 -0.114071
vt 6.76558 7.97666
vn 0.496153 0.00429015 0.868224
vt 6.63559 6.80581
vt 7.29277 8.34323
f 683/3616/1550 682/3617/1550 677/3618/1550

vt 6.88465 7.9754
vn 0.682396 -0.0213561 0.73067
v 0.116677 0.171977 -0.0999612
vt 6.04332 6.77474
vn 0.661119 0.00814771 0.750237
vt 6.75699 6.80429
vn 0.682215 -0.0117733 0.731057
f 683/3619/1551 684/3620/1552 682/3621/1553

v 0.124592 0.186595 -0.106402
vt 0.787634 9.68599
vn 0.684973 -0.570538 -0.453099
vt 0.748057 8.98524
vt 0.862492 10.4469
f 685/3622/1554 684/3623/1554 683/3624/1554

v 0.110561 0.171344 -0.0886116
vt 5.10601 7.10046
vn 0.857716 -0.316464 0.405183
vt 5.61354 7.12632
vn 0.854636 -0.266375 0.445693
vt 5.98248 7.7234
vn 0.869336 -0.307117 0.387214
f 686/3625/1555 684/3626/1556 685/3627/1557

vt 5.54771 6.71863
vn 0.682499 -0.653693 0.326927
vt 5.04057 6.68591
vn 0.6849 -0.648125 0.332934
v 0.0929104 0.158269 -0.0777546
vt 4.35234 6.00998
f 684/3628/1558 686/3629/1559 687/3630/1558

vt 5.48797 6.52232
vn 0.682085 -0.429044 0.592183
vt 3.84015 5.83847
vt 4.70964 5.95247
f 686/3631/1560 648/3632/1560 687/3633/1560

v 0.119933 0.191105 -0.0908623
vt 5.87884 7.47686
vn 0.67667 -0.241731 0.695474
vt 3.88593 6.0385
vt 5.55258 6.67509
f 688/3634/1561 648/3635/1561 686/3636/1561

vt 4.69364 7.95749
vn 0.702979 -0.684879 0.191732
vt 3.35658 6.78321
vt 3.15363 6.04205
f 688/3637/1562 650/3638/1562 648/3639/1562

v 0.0974498 0.184483 -0.0700165
vt 4.69322 7.23036
vn 0.582828 0.164583 0.795754
vt 4.34046 6.6348
vn 0.625031 0.0813509 0.776349
vt 5.90025 7.49136
vn 0.670459 0.038178 0.740964
f 689/3640/1563 650/3641/1564 688/3642/1565

vt 4.72414 7.21691
vt 2.96216 6.60084
vt 4.37721 6.61793
f 689/3643/1563 651/3644/1486 650/3645/1564

vt 3.54437 7.00242
vt 2.96201 6.51395
vt 4.72053 7.13986
f 655/3646/1489 651/3647/1486 689/3648/1563

vt 4.71799 6.99372
vt 3.8446 7.73521
vt 3.54225 6.85269
f 689/3649/1563 656/3650/1490 655/3651/1489

v 0.112595 0.202512 -0.0847621
vt 5.51541 7.84918
vn 0.492446 0.264487 0.829183
vt 3.82541 7.84572
vt 4.7063 7.11316
f 690/3652/1566 656/3653/1490 689/3654/1563

vt 5.2561 8.40634
vt 3.82571 7.98024
vt 5.51571 7.98358
vn 0.510953 0.0204622 0.859365
f 673/3655/1519 656/3656/1490 690/3657/1567

vt 5.5415 7.88555
vn 0.659318 0.0617836 0.749322
v 0.123546 0.208218 -0.0947818
vt 6.12526 8.11177
vn 0.652096 0.0735318 0.754562
vt 5.28655 8.31115
vn 0.63659 0.116867 0.762296
f 690/3658/1568 691/3659/1569 673/3660/1570

vt 6.11324 8.18007
vt 5.52892 7.9553
vt 5.90436 7.506
f 691/3661/1569 690/3662/1568 688/3663/1565

vt 5.52404 7.94712
vt 4.69228 7.23679
vt 5.89933 7.4977
f 690/3664/1568 689/3665/1563 688/3666/1565

vt 6.35616 8.29544
vn 0.810109 -0.0370087 0.58511
vt 5.87298 8.25703
vt 5.6646 7.5828
f 675/3667/1571 691/3668/1571 688/3669/1571

vt 5.98385 5.32793
vn 0.579817 0.654208 0.485617
vt 6.46589 5.37867
vt 5.16247 5.58974
f 691/3670/1572 675/3671/1572 673/3672/1572

vt 6.14795 8.49801
vn 0.892838 -0.270036 0.360447
vt 5.77761 8.77167
vn 0.894192 -0.251998 0.370024
vt 5.11086 8.03578
vn 0.88198 -0.302121 0.36171
f 683/3673/1573 675/3674/1574 688/3675/1575

vt 7.19098 8.10088
vt 6.36557 7.98309
vt 6.70912 7.67649
vn 0.697452 -0.50396 0.509495
f 677/3676/1526 675/3677/1528 683/3678/1576

vt 6.09288 8.56019
vt 5.05798 8.09308
vt 5.69445 7.90767
f 683/3679/1573 688/3680/1575 685/3681/1557

vt 5.77014 7.89189
vt 5.13525 8.08263
vt 4.90977 7.2469
f 685/3682/1557 688/3683/1575 686/3684/1555

vt 4.61817 4.80178
vn 0.504557 -0.78425 0.361074
vt 3.75709 4.63582
v 0.0693343 0.150241 -0.0622469
vt 3.5815 4.29236
f 687/3685/1577 648/3686/1577 692/3687/1577

vt 3.50295 4.25531
vn 0.343514 -0.566889 0.748756
vt 3.78911 4.51399
v 0.0454703 0.15465 -0.0479607
vt 2.41447 4.466
f 692/3688/1578 648/3689/1578 693/3690/1578

vt -3.45224 2.08092
vn -0.0386502 0.999111 -0.0168329
vt -1.46477 -0.0723258
vt -2.44597 1.1432
f 648/3691/1579 520/3692/1579 693/3693/1579

vt -2.25912 4.14471
vn -0.232774 0.591669 -0.771844
vt -0.698286 4.08114
v 0.0193121 0.156173 -0.0389045
vt -1.17019 4.21908
f 693/3694/1580 520/3695/1580 694/3696/1580

vt -0.913096 6.24648
vn -0.102005 -0.0820924 -0.991391
vt -0.434276 6.1349
v -0.00257918 0.156363 -0.0366678
vt -0.0467458 6.25399
f 694/3697/1581 520/3698/1581 695/3699/1581

vt 0.430277 1.77293
vn 0.231647 0.866069 -0.443016
vt 1.48898 2.17939
vt 0.758905 2.01035
f 520/3700/1582 518/3701/1582 695/3702/1582

vt -0.587433 4.7174
vn -0.297039 -0.490182 0.819444
vt -1.33053 4.81436
vt -1.33401 4.55386
f 695/3703/1583 518/3704/1082 517/3705/1082

vt 0.314891 0.301048
vn 0.0471167 -0.965933 0.254468
vt -0.237425 -0.227231
vn 0.0770502 -0.962904 0.258608
v -0.00153984 0.154746 -0.0429998
vt 0.425289 0.0650663
vn 0.0314597 -0.959633 0.27949
f 695/3706/1584 517/3707/1585 696/3708/1586

vt 0.203195 5.49685
vn 0.0817884 0.244313 -0.966241
vt 0.922924 5.41552
vt -0.138312 5.65871
f 696/3709/1587 517/3710/1587 513/3711/1587

vt -0.0703054 4.35642
vn -0.0662533 0.513921 -0.855275
vt -0.400986 4.53938
v 0.017214 0.154108 -0.0448357
vt -0.812022 4.32716
f 696/3712/1588 513/3713/1588 697/3714/1588

vt -1.23014 6.08394
vn -0.335139 -0.0119234 -0.942093
vt -0.804887 6.266
vn -0.336993 -0.0270932 -0.941117
v 0.043221 0.153486 -0.0540795
vt -2.31679 6.05943
f 697/3715/1589 513/3716/1590 698/3717/1590

vt -2.32273 6.09761
vt -0.810847 6.30435
vt -3.60955 6.35237
vn -0.338767 -0.0422566 -0.939921
f 698/3718/1590 513/3719/1590 512/3720/1591

vt -2.53183 4.03228
vn -0.382334 0.63416 -0.672058
vt -3.80165 4.36147
v 0.0661019 0.153739 -0.0668577
vt -3.56358 4.04516
f 698/3721/1592 512/3722/1592 699/3723/1592

vt -3.67322 4.3475
vn -0.52435 0.749763 -0.403624
vt -3.81508 4.71711
v 0.0882863 0.161499 -0.0812615
vt -4.65534 4.80924
f 699/3724/1593 512/3725/1593 700/3726/1593

vt -4.68728 5.95098
vn -0.683109 0.446887 -0.577627
vt -3.84473 5.88283
v 0.105553 0.174538 -0.0915935
vt -5.43681 6.52479
f 700/3727/1594 512/3728/1594 701/3729/1594

vt -5.27032 6.21416
vn -0.63608 0.657978 -0.403072
vt -3.73238 5.45153
vt -4.09131 6.0144
f 701/3730/1595 512/3731/1595 511/3732/1595

vt -5.37041 6.92003
vn -0.76853 0.293546 -0.568499
vt -4.18501 6.76268
v 0.114557 0.192318 -0.0945856
vt -5.67595 7.65232
f 701/3733/1596 511/3734/1596 702/3735/1596

vt -5.84594 7.54068
vn -0.659209 -0.059359 -0.749613
vt -4.33345 6.68817
vn -0.611329 -0.114036 -0.783118
v 0.0935033 0.183415 -0.0752422
vt -4.72057 7.18929
vn -0.574351 -0.179289 -0.798734
f 702/3736/1597 511/3737/1598 703/3738/1599

vt -4.33183 6.6792
vt -2.97543 6.5935
vt -4.71218 7.18548
f 511/3739/1598 497/3740/1047 703/3741/1599

vt -4.70356 7.14485
vt -2.96923 6.54581
vt -3.5464 6.98011
f 703/3742/1599 497/3743/1047 496/3744/1046

vt -3.54079 6.87012
vt -3.85341 7.77802
vt -4.69738 7.03873
f 496/3745/1046 492/3746/1041 703/3747/1599

vt -4.67553 7.14658
vt -3.82396 7.87711
v 0.108479 0.201983 -0.0899409
vt -5.47729 7.90424
vn -0.48993 -0.262852 -0.831191
f 703/3748/1599 492/3749/1041 704/3750/1600

vt -5.48087 7.96248
vn -0.620715 -0.052355 -0.782286
vt -3.82752 7.9363
vn -0.51716 0.00581259 -0.855869
v 0.103526 0.21457 -0.087183
vt -5.25779 8.45808
vn -0.561755 -0.025276 -0.826917
f 704/3751/1601 492/3752/1602 705/3753/1603

vt -3.83888 7.90375
vt -3.81456 9.49642
vn -0.522837 0.0245013 -0.852081
vt -5.26911 8.42564
f 492/3754/1602 486/3755/1604 705/3756/1603

vt -3.36021 7.81126
vt -4.99888 7.28712
vt -4.72783 6.63148
vn -0.198432 0.420411 -0.88537
f 486/3757/1026 485/3758/1026 705/3759/1605

vt -5.32469 7.09389
vn -0.517706 0.561617 -0.64542
vt -5.45209 7.79182
vn -0.562721 0.472622 -0.678214
v 0.130816 0.221451 -0.103085
vt -6.55705 7.41173
vn -0.541434 0.518223 -0.662038
f 705/3760/1606 485/3761/1607 706/3762/1608

vt -5.44082 8.34019
v 0.142611 0.236018 -0.104054
vt -6.93199 8.61618
vn -0.58136 0.446722 -0.680044
vt -6.55303 7.98185
f 485/3763/1607 707/3764/1609 706/3765/1608

vt -5.43712 8.2036
vt -6.07761 9.21058
vn -0.578025 0.465924 -0.669927
vt -6.92716 8.48561
f 485/3766/1607 483/3767/1610 707/3768/1609

vt -6.63244 9.52148
vn -0.811144 0.233102 -0.536386
vt -5.72937 10.1786
vn -0.784846 0.216732 -0.580555
v 0.156106 0.271341 -0.109111
vt -7.10847 10.946
vn -0.838685 0.217373 -0.499357
f 707/3769/1611 483/3770/1612 708/3771/1613

vt -5.93338 9.96968
vn -0.73576 0.0245156 -0.676799
vt -5.72569 11.1926
vn -0.729548 0.0515458 -0.681984
vt -7.32236 10.7191
f 483/3772/1614 481/3773/1615 708/3774/1615

vt -7.34739 10.7673
vt -5.75111 11.2421
v 0.145364 0.29373 -0.095243
vt -6.66026 11.6515
vn -0.722756 0.0785349 -0.686626
f 708/3775/1615 481/3776/1615 709/3777/1616

vt -6.8314 10.9294
vn -0.566956 -0.29698 -0.768351
vt -5.93058 10.502
vt -6.47276 11.5073
f 709/3778/1617 481/3779/1019 480/3780/1019

vt -6.08286 9.85134
vn -0.694089 -0.447252 -0.564097
vt -7.77197 9.80271
vn -0.754358 -0.393621 -0.525363
vt -6.36984 9.23466
vn -0.729871 -0.446209 -0.517867
f 480/3781/1618 44/3782/1619 709/3783/1620

v 0.146169 0.321155 -0.117003
vt -7.0933 11.1351
vn -0.707057 -0.449865 -0.545612
vt -7.77908 10.5249
vt -6.08991 10.5714
f 710/3784/1621 44/3785/1619 480/3786/1618

vt -7.81842 11.0783
vn -0.727475 -0.453937 -0.514511
vt -7.70274 10.2102
vt -7.02429 10.8286
f 33/3787/1622 44/3788/1619 710/3789/1621

vt -6.99436 10.1415
vn -0.667543 -0.509109 -0.543319
vt -7.92933 10.0994
vt -7.14207 9.82869
f 28/3790/1623 33/3791/1622 710/3792/1621

vt -7.25752 10.3462
vt -6.35846 10.2817
vn -0.642508 -0.493448 -0.586253
vt -7.09812 10.6533
f 710/3793/1621 27/3794/1624 28/3795/1623

vt -6.27791 9.78841
vt -6.35773 10.3294
vt -7.25681 10.3936
f 480/3796/1618 27/3797/1624 710/3798/1621

vt -6.36257 9.92665
vt -5.58803 10.3864
vn -0.617653 -0.495392 -0.610812
vt -6.42623 10.4698
f 480/3799/1618 26/3800/1625 27/3801/1624

vt -6.6701 10.13
vn -0.898172 -0.0834675 -0.431648
vt -5.98975 11.0194
vn -0.876151 -0.133464 -0.463192
vt -7.41296 11.5323
vn -0.885622 -0.123868 -0.447584
f 708/3802/1626 709/3803/1627 44/3804/1628

vt -7.28918 11.5928
vt -8.27731 10.8335
vn -0.907859 -0.0582994 -0.415203
vt -6.53995 10.1939
f 44/3805/1628 45/3806/1629 708/3807/1626

vt -8.12209 11.3096
v 0.175736 0.262178 -0.154425
vt -8.32739 10.3134
vn -0.917757 -0.0021707 -0.397136
vt -6.3832 10.6742
f 45/3808/1629 711/3809/1630 708/3810/1626

vt -8.26345 10.1479
vt -6.65715 9.8721
vn -0.993987 -0.0670324 -0.0865798
vt -6.46305 10.8705
f 46/3811/99 711/3812/1631 45/3813/100

vt -8.05774 11.2993
v 0.173453 0.234731 -0.171939
vt -7.1352 9.93406
vn -0.991758 0.109846 -0.0659511
vt -6.45166 11.0222
vn -0.991579 0.11738 -0.0547137
f 46/3814/103 712/3815/1632 711/3816/1633

vt -8.20456 11.1986
vt -8.67276 9.23321
vt -7.27865 9.83561
f 46/3817/103 49/3818/105 712/3819/1632

vt -9.15018 9.83539
vt -8.07529 8.54711
vt -7.76571 10.4596
vn -0.9381 0.263499 -0.224804
f 49/3820/105 51/3821/107 712/3822/1634

vt -8.17844 8.50898
v 0.152604 0.178818 -0.149474
vt -6.86307 8.12806
vn -0.920185 0.317908 -0.22846
vt -7.87987 10.4232
f 51/3823/107 713/3824/1635 712/3825/1634

v 0.136411 0.132434 -0.162637
vt -7.14932 6.42704
vn -0.884579 0.395684 -0.24689
vt -6.73475 8.38609
vt -8.04688 8.77801
f 714/3826/1636 713/3827/1635 51/3828/107

vt -7.82384 5.94669
v 0.118537 0.122829 -0.124147
vt -6.16077 5.53603
vn -0.851172 0.418866 -0.316319
vt -7.54694 7.92989
f 714/3829/1636 715/3830/1637 713/3831/1635

v 0.0968955 0.0716686 -0.136388
vt -6.30949 3.361
vn -0.798651 0.472375 -0.372851
vt -6.12628 5.59295
vt -7.78727 6.01197
f 716/3832/1638 715/3833/1637 714/3834/1636

vt -6.435 3.15216
v 0.0798061 0.0711427 -0.0969099
vt -4.74139 3.12916
vn -0.773717 0.507625 -0.379051
vt -6.32545 5.38893
f 716/3835/1638 717/3836/1639 715/3837/1637

v 0.0442711 0.0329318 -0.0823315
vt -3.66422 1.25668
vn -0.752185 0.533105 -0.38732
vt -4.73753 3.09999
vt -6.43111 3.12536
f 718/3838/1640 717/3839/1639 716/3840/1638

v 0.0444479 0.0466296 -0.0676733
vt -3.18709 1.61475
vn -0.730541 0.503304 -0.461513
vt -4.9037 2.7316
vt -3.67126 0.990662
f 719/3841/1641 717/3842/1639 718/3843/1640

vt -3.10509 1.72546
vn -0.64184 0.099293 -0.760383
v 0.0569145 0.0727713 -0.0747827
vt -3.65346 2.76363
vn -0.606716 0.030325 -0.79434
vt -4.90688 2.69895
vn -0.683949 0.132767 -0.717347
f 719/3844/1642 720/3845/1643 717/3846/1644

v 0.0173784 0.0380377 -0.0482024
vt -1.68305 1.4197
vn -0.59299 0.0299893 -0.804651
vt -3.55641 2.79024
vt -2.99564 1.75873
f 721/3847/1645 720/3848/1643 719/3849/1642

vt -3.49291 2.87777
vt -1.61735 1.51023
v 0.0192992 0.0722358 -0.0499064
vt -1.71743 2.85668
vn -0.499757 -0.0273775 -0.865733
f 720/3850/1643 721/3851/1645 722/3852/1646

v 0.0114566 0.0502767 -0.0431368
vt -1.4486 1.9806
vn -0.521336 -0.0252143 -0.852979
vt -1.85648 2.84513
vt -1.7554 1.49875
f 723/3853/1647 722/3854/1646 721/3855/1645

vt -1.1526 2.12288
v 0.00851224 0.0871933 -0.04661
vt -1.10871 3.58665
vn -0.382622 -0.0993317 -0.91855
vt -1.54716 2.99357
f 723/3856/1647 724/3857/1648 722/3858/1646

vt -1.10678 3.58677
vt -1.15089 2.12301
v 0.0054677 0.0477706 -0.0398768
vt -0.8827 2.02365
vn -0.422297 -0.0683554 -0.903877
f 724/3859/1648 723/3860/1647 725/3861/1649

vt -0.962525 1.81678
vt -1.23093 1.91557
v 0.00420367 0.00967502 -0.0413084
vt -0.947088 0.315153
vn -0.531307 0.0568456 -0.84527
f 725/3862/1649 723/3863/1647 726/3864/1650

vt -1.33786 1.90171
vt -1.64307 1.41885
vt -1.06214 0.299875
f 723/3865/1647 721/3866/1645 726/3867/1650

vt -1.42456 0.183599
vn -0.794815 0.233 -0.56034
vt -1.94526 1.33184
v 0.00442328 0.0050881 -0.0435272
vt -1.50094 -0.00209901
f 726/3868/1651 721/3869/1651 727/3870/1651

vt -1.7095 0.264021
vn -0.929485 0.36831 0.0201211
vt -1.88248 1.65934
v 0.00868767 0.016327 -0.0522597
vt -2.04959 0.739955
f 727/3871/1652 721/3872/1652 728/3873/1652

vt -3.58843 0.874138
vn -0.69369 0.390757 -0.605065
vt -1.77535 0.163939
vt -1.87988 1.09252
f 718/3874/1653 728/3875/1653 721/3876/1653

v 0.00431665 0.0112262 -0.0655897
vt -2.52708 -0.229376
vn -0.520039 0.84066 -0.151162
vt -2.07117 0.141442
vt -3.59907 1.34857
f 729/3877/1654 728/3878/1654 718/3879/1654

vt 0.19872 -2.22481
vn 0.0248063 0.915893 -0.400656
v -0.00894819 0.0165277 -0.0542918
vt 0.652452 -1.66959
vt -0.0461959 -1.6906
vn 0.053419 0.92665 -0.372109
f 729/3880/1655 730/3881/1655 728/3882/1656

vt -0.193139 -2.1423
v -0.0121724 0.0108298 -0.0662774
vt 0.455767 -2.17872
vn -0.00384973 0.903533 -0.428501
vt 0.333074 -1.65522
f 729/3883/1655 731/3884/1657 730/3885/1655

v 0.000984419 0.0149083 -0.0756023
vt -0.271678 2.97808
vn -0.00851446 0.938763 0.344458
vt -0.748578 2.52927
vn -0.0389578 0.935641 0.350798
vt -0.100117 2.57289
vn 0.0313699 0.939535 0.341014
f 732/3886/1658 731/3887/1659 729/3888/1660

vt -0.331342 2.97612
v -0.0116133 0.0156953 -0.0792971
vt -0.841547 3.06446
vn -0.0397921 0.936544 0.348284
vt -0.799702 2.5184
f 732/3889/1658 733/3890/1661 731/3891/1659

v 0.000970477 0.00864592 -0.077737
vt 0.881872 -0.580891
vn 0.288109 0.31409 -0.904622
vt 1.3729 -0.289108
vt 0.856131 -0.321686
vn 0.285403 0.308658 -0.907345
f 734/3892/1662 733/3893/1662 732/3894/1663

vt 0.902869 -0.61187
v -0.0115107 0.00944933 -0.0814768
vt 1.41573 -0.57849
vn 0.290802 0.319508 -0.901859
vt 1.39324 -0.318981
f 734/3895/1662 735/3896/1664 733/3897/1662

v 0.00545414 0.00473839 -0.0649498
vt 0.0308386 2.50194
vn 0.0187464 -0.960325 -0.278254
vt 0.757919 3.11449
vn -0.00145098 -0.955598 -0.29467
vt 0.254705 3.01002
vn -0.00424515 -0.956751 -0.290877
f 736/3898/1665 735/3899/1666 734/3900/1667

vt -0.0940711 2.50988
v -0.0140281 0.00455658 -0.0652613
vt 0.672672 2.48496
vn -0.0166635 -0.956517 -0.2912
vt 0.603736 3.15558
f 736/3901/1665 737/3902/1668 735/3903/1666

v -0.0129493 0.0114623 -0.0527546
vt -0.507917 -1.60052
vn -0.0128523 -0.883715 0.467849
vt -0.549939 -2.16302
vn 0.000441469 -0.875431 0.483343
vt 0.217065 -2.14821
f 738/3904/1669 737/3905/1670 736/3906/1669

vt -2.001 -0.167499
vn -0.635961 -0.626392 0.450763
v -0.0358287 0.0169516 -0.0774061
vt -3.31089 0.122655
vn -0.670402 -0.599645 0.43702
vt -2.43103 -0.532525
vn -0.614143 -0.667264 0.421412
f 738/3907/1671 739/3908/1672 737/3909/1673

v -0.0409491 0.0365056 -0.0605832
vt -2.87702 1.10628
vn -0.707275 -0.560876 0.430326
vt -3.29312 0.158219
vt -1.97814 -0.107924
f 740/3910/1674 739/3911/1672 738/3912/1671

vt -2.86756 1.34591
v -0.0755042 0.0341696 -0.126124
vt -5.78398 1.23643
vn -0.755472 -0.531659 0.382884
vt -3.3494 0.429509
f 740/3913/1674 741/3914/1675 739/3915/1672

vt -2.86772 1.33688
v -0.0868385 0.0685361 -0.0993806
vt -5.07958 2.85182
vn -0.779931 -0.501735 0.374125
vt -5.7841 1.22639
f 740/3916/1674 742/3917/1676 741/3918/1675

vt -5.19346 2.59757
vn -0.713826 -0.223792 0.663604
vt -2.84473 1.30494
vn -0.678239 -0.18782 0.710433
v -0.0601076 0.0715718 -0.0696029
vt -3.61827 2.72008
vn -0.6902 -0.201306 0.695054
f 742/3919/1677 740/3920/1678 743/3921/1679

vt -3.57699 2.69675
vt -2.77197 1.29927
v -0.0204046 0.036218 -0.0432321
vt -1.71327 1.28781
vn -0.638694 -0.155093 0.753668
f 743/3922/1679 740/3923/1678 744/3924/1680

vt -2.77471 0.954926
vn -0.583428 -0.438632 0.683531
vt -1.73616 -0.142203
vt -1.71601 0.942327
f 740/3925/1681 738/3926/1681 744/3927/1681

v -0.00827744 0.00148035 -0.0451445
vt -1.80574 0.0771474
vn -0.933033 -0.333203 0.135737
vt -1.79997 1.52766
vt -2.12871 0.493957
f 745/3928/1682 744/3929/1682 738/3930/1682

vt -1.87583 1.3977
vn -0.884645 -0.327129 0.33225
vt -1.77844 -0.0495501
v -0.0054246 -0.000511361 -0.0395096
vt -1.53127 -0.13253
f 744/3931/1683 745/3932/1683 746/3933/1683

vt -0.273031 1.71977
vn -0.099142 -0.952901 -0.286619
v 0.00765589 -0.000697849 -0.0434142
vt -0.843594 1.43701
vt -0.306656 1.46122
f 745/3934/1684 747/3935/1684 746/3936/1684

v 0.0129185 0.0112444 -0.0516887
vt -0.481922 1.53203
vn 0.0193578 -0.5853 -0.810586
vt -0.279016 0.958494
vn 0.0107297 -0.572683 -0.819706
vt 0.349118 1.0631
f 748/3937/1685 747/3938/1686 745/3939/1685

vt 2.07289 0.527273
vn 0.932229 -0.351657 0.085362
v 0.0217592 0.0366935 -0.0433981
vt 1.77959 1.59756
vt 1.72958 0.0250246
f 748/3940/1687 749/3941/1687 747/3942/1687

v 0.0489717 0.0445886 -0.0632609
vt 3.10425 1.35715
vn 0.610455 -0.428974 0.665827
vt 1.78609 1.01306
vt 1.75012 -0.0961135
f 750/3943/1688 749/3944/1688 748/3945/1688

vt 3.04171 1.68383
vn 0.647371 -0.109301 0.754297
v 0.0611476 0.0723611 -0.0696865
vt 3.57647 2.78081
vn 0.611316 -0.038099 0.790469
vt 1.71555 1.37199
vn 0.596413 -0.0363803 0.801853
f 750/3946/1689 751/3947/1690 749/3948/1691

v 0.0849105 0.0687249 -0.0934046
vt 4.95968 2.63659
vn 0.68869 -0.139874 0.711436
vt 3.63801 2.78112
vt 3.11767 1.67722
f 752/3949/1692 751/3950/1690 750/3951/1689

vt 6.80954 4.71126
vn 0.688267 -0.142244 0.711375
vt 3.63785 2.77753
vt 4.95951 2.63291
f 62/3952/1693 751/3953/1690 752/3954/1692

vt 6.67801 4.87691
vn 0.745973 -0.425668 0.512183
v 0.100565 0.104858 -0.100088
vt 5.4895 4.17555
vt 3.6244 2.76164
f 62/3955/1694 753/3956/1694 751/3957/1694

vt 6.96492 6.02155
vn 0.696433 -0.100517 0.710547
vt 5.58578 4.10308
vt 6.80955 4.74096
f 65/3958/1695 753/3959/1695 62/3960/1695

vt 5.40975 4.22259
vn 0.524454 0.0975284 0.845835
vt 6.7946 6.13694
vn 0.576474 -0.013941 0.816997
v 0.0941882 0.112713 -0.0970397
vt 5.13251 4.53273
vn 0.571657 0.0412921 0.819453
f 753/3961/1696 65/3962/1697 754/3963/1698

v 0.119362 0.148809 -0.114021
vt 6.45947 5.81607
vn 0.608916 -0.059047 0.791034
vt 5.26603 4.39324
vt 6.93074 5.99472
f 755/3964/1699 754/3965/1698 65/3966/1697

vt 5.31545 4.39954
vn 0.694396 -0.28029 0.662761
vt 6.46953 5.85448
vn 0.738611 -0.214447 0.639113
v 0.0857423 0.123148 -0.0837776
vt 4.70304 4.82015
vn 0.653139 -0.287485 0.700545
f 754/3967/1700 755/3968/1701 756/3969/1702

v 0.106283 0.14796 -0.0903416
vt 5.09846 6.03701
vn 0.785817 -0.456099 0.417691
vt 4.4925 4.89341
vn 0.755469 -0.519955 0.39864
vt 6.16329 6.07612
f 757/3970/1703 756/3971/1704 755/3972/1703

vt 4.7089 4.49445
vt 5.49175 5.52507
vn 0.615397 -0.318745 0.720894
v 0.0488928 0.135881 -0.0466908
vt 2.65751 5.02334
vn 0.621678 -0.303739 0.721982
f 756/3973/1702 757/3974/1705 758/3975/1706

v 0.0824625 0.150389 -0.0718022
vt 4.29739 5.90358
vn 0.614295 0.00158907 0.789075
vt 2.64709 5.33183
vn 0.610731 -0.0447836 0.790571
vt 5.48576 5.80787
vn 0.637431 0.000328934 0.770507
f 759/3976/1707 758/3977/1708 757/3978/1709

vt 4.23941 5.89514
vn 0.495418 0.278073 0.822944
v 0.0470161 0.14747 -0.0494769
vt 2.59049 5.77551
vn 0.475615 0.277686 0.834674
vt 2.59722 5.30051
f 759/3979/1710 760/3980/1711 758/3981/1711

vt 3.65274 3.71558
vn 0.400057 -0.741824 0.538193
vt 2.64763 3.55288
vt 4.29198 3.72424
f 692/3982/1712 760/3983/1712 759/3984/1712

vt 2.4082 4.14203
vn 0.186023 0.841225 0.507676
vt 3.4062 4.34382
vt 3.34917 4.59849
f 760/3985/1713 692/3986/1713 699/3987/1713

vt -3.56523 3.86881
vn -0.251364 -0.84784 -0.466886
vt -2.50757 4.1097
vt -3.53923 4.12849
f 692/3988/1714 698/3989/1714 699/3990/1714

vt 1.98405 -1.74603
vn -0.056707 -0.97676 0.206698
vt 1.22681 -0.936238
vn 0.0113635 -0.97283 0.231241
vt 1.07768 -1.15009
vn -0.00934809 -0.981696 0.190227
f 692/3991/1715 693/3992/1716 698/3993/1717

vt 2.15338 -0.357222
vt 1.04041 -0.477467
vn 0.0303419 -0.961821 0.271992
vt 2.11853 -0.6156
f 693/3994/1716 697/3995/1718 698/3996/1717

vt 2.07974 0.440971
vt 1.00489 0.630674
vn 0.0233113 -0.954566 0.297085
vt 0.962341 0.373481
f 693/3997/1716 694/3998/1719 697/3999/1718

vt 0.760665 0.574926
vt -0.0602425 0.404009
vt 0.678113 0.327654
f 694/4000/1719 696/4001/1586 697/4002/1718

vt 0.863267 0.112348
vt -0.00260028 0.142225
vt 0.0552677 -0.111794
f 694/4003/1719 695/4004/1584 696/4005/1586

vt -2.36133 3.55279
vn -0.396456 0.911859 -0.106466
vt -3.21708 4.15401
v 0.043917 0.145479 -0.0549869
vt -2.53919 3.36186
f 760/4006/1720 699/4007/1720 761/4008/1720

v 0.0783853 0.151203 -0.0769745
vt -4.27545 5.2733
vn -0.565695 0.309359 -0.764386
vt -2.66842 5.03022
vn -0.542022 0.374945 -0.752083
vt -3.65025 5.38099
f 762/4009/1721 761/4010/1722 699/4011/1721

v 0.0454436 0.136173 -0.0523459
vt -2.57835 5.37307
vn -0.459577 -0.311438 -0.831743
vt -2.57809 5.75863
vt -4.18601 5.99576
vn -0.473744 -0.311489 -0.823736
f 763/4012/1723 761/4013/1723 762/4014/1724

vt -2.54621 5.40056
v 0.024229 0.139345 -0.0422698
vt -1.62248 5.53196
vn -0.445288 -0.311303 -0.839529
vt -2.54184 5.78608
f 763/4015/1723 764/4016/1725 761/4017/1723

vt -1.10965 4.67465
vn -0.380551 0.286416 -0.879288
vt -1.53344 4.97697
vn -0.380391 0.267831 -0.885194
vt -2.45743 4.84736
vn -0.381548 0.294388 -0.876217
f 292/4018/1726 764/4019/1727 763/4020/1728

vt -0.766854 5.30946
vn -0.152435 -0.0934027 -0.98389
vt -0.291586 5.57915
vt -1.19744 5.60201
f 292/4021/1729 299/4022/1729 764/4023/1729

vt 0.540153 4.73221
vt -0.0383164 5.05268
vn 0.0133362 0.198255 -0.98006
vt -0.511143 4.77873
f 293/4024/599 299/4025/1730 292/4026/597

vt 0.762093 5.23375
vn 0.156446 -0.0636099 -0.985636
vt 1.15316 5.59663
vt 0.180489 5.5485
f 293/4027/1731 296/4028/1731 299/4029/1731

vt 1.44114 5.24457
vn 0.35253 0.158265 -0.92232
vt 1.05371 4.8778
vt 2.41357 5.09135
f 296/4030/1732 293/4031/602 294/4032/601

vt -1.18186 5.57713
vn -0.127469 -0.451523 -0.883107
vt -0.276072 5.55162
vt -0.888941 5.81043
f 764/4033/1733 299/4034/612 300/4035/612

vt -2.38445 5.35383
vn -0.276974 -0.624679 -0.730111
vt -1.48215 5.04456
vt -1.21915 5.31114
f 761/4036/1734 764/4037/1734 300/4038/1734

vt -1.26012 2.05118
vt -2.47856 1.8616
vn -0.214635 0.859671 -0.463571
vt -1.31431 1.79634
f 302/4039/617 761/4040/1735 300/4041/615

vt -1.12836 0.625113
vn -0.0957019 0.952171 -0.290193
vt -2.36798 0.564665
vt -2.32004 0.30817
f 302/4042/1736 760/4043/1736 761/4044/1736

vt 1.19562 5.4083
vn 0.298692 0.580405 0.757571
v 0.0264304 0.140699 -0.036173
vt 1.49041 5.05828
vt 2.4365 5.38562
f 302/4045/1737 765/4046/1737 760/4047/1737

vt 0.90414 5.87203
vt 0.245471 5.53086
vt 1.23735 5.55836
vn 0.132682 0.417404 0.898982
f 302/4048/618 303/4049/618 765/4050/1738

vt 1.24917 5.62449
vn 0.154796 0.0841768 0.984354
vt 0.257225 5.59941
v 0.0147763 0.130871 -0.0334999
vt 0.779568 5.23619
f 765/4051/1739 303/4052/1739 766/4053/1739

vt 0.563145 4.87606
vn -0.0138795 -0.158916 0.987195
vt 0.0431603 5.24265
vt -0.586284 4.82924
f 766/4054/1740 303/4055/1740 305/4056/1740

v 0.0157988 0.114329 -0.0396221
vt 0.613204 3.67777
vn -0.0052825 -0.347369 0.937714
vt 0.574305 4.37229
vt -0.57502 4.32299
f 767/4057/1741 766/4058/1741 305/4059/1741

vt 2.49995 4.82943
vn 0.380962 -0.252187 0.889533
vt 1.06121 4.62267
vt 1.19462 3.93999
vn 0.382017 -0.2999 0.874141
f 758/4060/1742 766/4061/1742 767/4062/1743

vt 2.48639 5.04371
vt 1.5107 5.23747
vn 0.378949 -0.20384 0.902689
vt 1.04691 4.84225
f 758/4063/1742 765/4064/1744 766/4065/1742

vt 2.55331 5.81055
vt 1.5914 5.53312
vn 0.45556 0.277152 0.845962
vt 2.56636 5.33569
f 760/4066/1711 765/4067/1745 758/4068/1711

v 0.0465423 0.118113 -0.0517444
vt 2.49425 4.09768
vn 0.38166 -0.299224 0.874529
vt 2.49949 4.8308
vt 1.19403 3.94156
f 768/4069/1746 758/4070/1746 767/4071/1746

vt 4.71143 4.56206
vt 2.65867 5.08565
vt 2.71926 4.35501
vn 0.628967 -0.278176 0.725961
f 756/4072/1702 758/4073/1706 768/4074/1747

vt 4.71076 4.59436
vt 2.71846 4.38862
v 0.0453103 0.0989935 -0.0577001
vt 2.8351 3.60739
vn 0.638407 -0.306258 0.706146
f 756/4075/1702 768/4076/1747 769/4077/1748

vt 2.56355 4.16294
vn 0.439349 -0.292848 0.849242
v 0.0263801 0.110754 -0.0438512
vt 1.71573 3.85995
vn 0.455233 -0.267338 0.84929
vt 2.62821 3.3757
f 768/4078/1749 770/4079/1750 769/4080/1750

vt 2.45344 4.63662
vn 0.367953 -0.0108339 0.929781
vt 1.15237 4.48765
vn 0.346957 -0.0786547 0.934577
vt 1.601 4.3469
f 768/4081/1751 767/4082/1752 770/4083/1752

v 0.0174271 0.0962634 -0.0430104
vt 1.20315 3.5484
vn 0.324203 -0.146077 0.934641
vt 1.54701 4.12508
vt 1.09887 4.26735
f 771/4084/1753 770/4085/1752 767/4086/1752

vt 1.74566 3.98823
vt 1.42137 3.40031
vn 0.470705 -0.241586 0.848571
vt 2.66187 3.51107
f 770/4087/1750 771/4088/1754 769/4089/1750

vt 2.63117 3.95934
vn 0.547499 0.00985166 0.836748
vt 1.39039 3.85168
vn 0.39882 0.0423593 0.91605
v 0.0226018 0.072539 -0.0441662
vt 1.59212 2.9161
vn 0.502594 0.02713 0.864097
f 769/4090/1755 771/4091/1756 772/4092/1757

vt 1.42069 2.89116
vt 1.21349 3.82554
v 0.0106961 0.0875124 -0.0403666
vt 0.928931 3.48089
vn 0.374036 0.10013 0.921993
f 772/4093/1757 771/4094/1756 773/4095/1758

vt 1.1527 3.28374
vn 0.49167 -0.117512 0.862816
vt 1.43448 3.63067
vt 1.31274 4.34688
f 773/4096/1759 771/4097/1759 767/4098/1759

v 0.00293528 0.0921529 -0.038713
vt 0.378583 3.53219
vn 0.126136 -0.0325215 0.99148
vt 0.690791 3.34916
vn 0.173408 -0.0602894 0.983003
vt 0.88354 4.40685
f 774/4099/1760 773/4100/1761 767/4101/1760

vt 0.857373 3.60301
vt 0.54596 3.78739
vn 0.28294 0.134788 0.949619
v 0.00898597 0.0481349 -0.0342679
vt 0.724287 2.03844
vn 0.362421 0.127258 0.923286
f 773/4102/1758 774/4103/1762 775/4104/1763

v 0.00113798 0.0454551 -0.029434
vt 0.60181 1.92031
vn 0.496228 0.101982 0.862182
vt 0.964324 2.02707
vt 0.841041 3.78077
vn 0.4798 0.153192 0.8639
f 776/4105/1764 775/4106/1764 774/4107/1765

v 0.00617927 0.0214022 -0.0310228
vt 0.834175 0.888207
vn 0.51122 0.0504763 0.857967
vt 0.994499 1.94202
vt 0.631655 1.83638
f 777/4108/1766 775/4109/1764 776/4110/1764

v 0.00312399 -0.000255381 -0.0360551
vt 1.39969 0.0209092
vn 0.988125 -0.115979 -0.100784
vt 1.30627 1.93898
vt 1.19038 0.879362
f 778/4111/1767 775/4112/1767 777/4113/1767

vt 0.444359 -0.0960375
vn 0.22823 -0.0635299 0.971532
v 0.00875449 0.00779679 -0.0368513
vt 0.667326 0.221619
vt 0.652938 1.81295
f 778/4114/1768 779/4115/1768 775/4116/1768

vt 0.431386 0.450212
vn 0.361243 -0.338508 -0.868859
vt 0.794368 0.439502
vt 0.238733 0.787117
f 778/4117/1769 746/4118/1769 779/4119/1769

vt -0.761548 -0.638903
vn -0.322488 -0.452245 0.831551
vt -0.398585 -0.627604
vn -0.33977 -0.470154 0.814562
v -0.00695631 0.0086078 -0.0351441
vt -0.755628 -0.236365
f 746/4120/1770 778/4121/1771 780/4122/1771

v -0.00169264 0.0135859 -0.0297412
vt -0.539279 -0.040885
vn -0.356744 -0.487636 0.796834
vt -0.815339 -0.265371
vt -0.467777 -0.665056
f 781/4123/1772 780/4124/1771 778/4125/1771

vt -1.16385 0.310447
vn -0.699318 -0.0354299 0.713933
vt -0.866959 0.506556
v -0.00795564 0.0513713 -0.0340008
vt -1.16046 1.99511
f 780/4126/1773 781/4127/1773 782/4128/1773

vt -0.86223 2.05348
vn -0.333382 0.11915 0.935233
vt -0.567343 0.565207
vn -0.433045 0.0297804 0.90088
vt -0.461663 1.82046
vn -0.394868 0.098183 0.913476
f 782/4129/1774 781/4130/1775 776/4131/1776

vt 0.152029 0.504506
vn 0.185697 -0.0259606 0.982264
vt 0.465926 0.812339
vt 0.259285 1.75962
f 781/4132/1777 777/4133/1777 776/4134/1777

vt 0.702526 -0.332811
vn 0.401742 -0.260657 0.877873
vt 0.729458 0.550379
vt 0.426652 0.231631
f 778/4135/1778 777/4136/1778 781/4137/1778

v -0.00421618 0.0930883 -0.0400847
vt -0.721762 3.84861
vn -0.281006 0.163113 0.945743
vt -0.773126 2.18311
vt -0.374422 1.94691
f 783/4138/1779 782/4139/1774 776/4140/1776

vt -0.585788 2.19477
vt -0.491817 3.85841
v -0.0104004 0.0874498 -0.0404747
vt -0.733131 3.63355
vn -0.206115 0.159278 0.965478
f 782/4141/1774 783/4142/1779 784/4143/1780

v -0.016786 0.112874 -0.0397494
vt -0.707735 4.38526
vn -0.0805191 -0.0680036 0.994431
vt -0.45731 3.38367
vn -0.0301225 -0.0360618 0.998895
vt -0.213484 3.6058
vn -0.120589 -0.0786028 0.989586
f 785/4144/1781 784/4145/1782 783/4146/1783

v -0.0172989 0.0942286 -0.0435213
vt -1.48452 3.49511
vn -0.465251 -0.210655 0.859748
vt -1.1906 3.22496
vn -0.522708 -0.1552 0.838266
vt -1.38881 4.23817
vn -0.436611 -0.190576 0.879234
f 786/4147/1784 784/4148/1785 785/4149/1786

v -0.0218288 0.0724707 -0.0441577
vt -1.43289 2.91312
vn -0.5056 0.028995 0.86228
vt -0.961027 3.50354
vn -0.456649 0.0854168 0.885537
vt -1.25764 3.77073
vn -0.415761 0.0600172 0.907491
f 787/4150/1787 784/4151/1788 786/4152/1789

v -0.0137967 0.0459163 -0.037448
vt -1.11684 1.90933
vn -0.496603 0.0575043 0.866071
vt -1.04623 3.55277
vt -1.51521 2.96006
f 788/4153/1790 784/4154/1788 787/4155/1787

vt -1.29798 1.89153
vt -1.03195 2.10752
vn -0.532592 0.0359034 0.84561
vt -1.25825 3.53601
f 788/4156/1790 782/4157/1791 784/4158/1788

vt -1.18892 1.77101
vt -0.909362 0.301288
vn -0.483735 -0.0346857 0.874527
vt -0.922003 1.9859
f 788/4159/1790 780/4160/1792 782/4161/1791

vt -1.56094 0.0104162
vn -0.983524 -0.178597 0.0279872
vt -1.39086 0.375305
vt -1.48919 1.86815
f 746/4162/1793 780/4163/1793 788/4164/1793

vt -1.59455 1.27971
vn -0.534587 -0.133455 0.83451
vt -1.01889 -0.179376
vt -1.25265 1.66498
f 744/4165/1794 746/4166/1794 788/4167/1794

vt -1.78646 2.84834
vt -1.72021 1.42104
vn -0.604649 -0.00341789 0.796484
vt -1.37447 1.80287
vn -0.653341 -0.00633791 0.757037
f 787/4168/1787 744/4169/1795 788/4170/1796

vt -3.48772 2.81732
vn -0.568699 0.0229321 0.822226
vt -1.61123 1.42543
vt -1.6781 2.85271
f 743/4171/1797 744/4172/1795 787/4173/1787

v -0.0457961 0.0972536 -0.0588573
vt -2.78356 3.78794
vn -0.548803 0.0163841 0.835791
vt -3.48696 2.77602
vt -1.67734 2.81144
f 789/4174/1798 743/4175/1797 787/4176/1787

vt -3.55649 2.82957
vt -2.85214 3.84083
v -0.0935463 0.11248 -0.0970326
vt -5.25899 4.44038
vn -0.562117 0.0497492 0.82556
f 743/4177/1797 789/4178/1798 790/4179/1799

vt -2.90338 3.47818
vn -0.641988 -0.287235 0.710878
vt -4.57256 4.50451
vt -5.30138 4.11217
vn -0.691043 -0.260917 0.674079
f 789/4180/1800 308/4181/628 790/4182/1801

vt -2.8774 3.564
vt -2.61556 4.33615
vt -4.56142 4.5658
f 789/4183/1800 307/4184/629 308/4185/628

vt -2.49788 4.10089
vt -2.71973 3.31631
vn -0.476434 -0.301898 0.825753
vt -1.4462 3.19139
f 307/4186/626 789/4187/1802 786/4188/1784

vt -1.40375 3.78568
vt -2.6778 3.90508
vt -1.57308 2.92688
f 786/4189/1789 789/4190/1798 787/4191/1787

vt -2.38108 4.31027
vt -1.30477 3.43006
vt -1.22734 4.17524
f 307/4192/626 786/4193/1784 785/4194/1786

vt -1.06208 4.71146
vt -2.39098 4.16583
vt -1.23749 4.02872
f 305/4195/624 307/4196/626 785/4197/1786

vt -0.719964 4.48419
vn -0.11102 -0.302299 0.946726
vt -0.838635 3.78934
v -0.00445772 0.11373 -0.0380303
vt -0.348691 3.82471
f 305/4198/1803 785/4199/1803 791/4200/1803

vt -0.860593 4.27567
vt -0.371735 3.49282
vt -0.370544 4.30956
vn -0.165395 -0.0995893 0.981186
f 785/4201/1781 783/4202/1783 791/4203/1804

vt -0.479735 3.49648
vt -0.193073 3.45947
vn -0.199958 -0.0993536 0.974754
vt -0.472797 4.31318
f 783/4204/1783 774/4205/1805 791/4206/1804

vt -0.420677 3.89552
vn -0.159554 0.198299 0.967068
vt -0.144436 1.98221
vt -0.134088 3.85795
f 783/4207/1806 776/4208/1806 774/4209/1806

vt 0.234816 3.621
vt 0.742502 4.49409
vt -0.0574591 4.4705
vn 0.0784765 -0.00465347 0.996905
f 774/4210/1760 767/4211/1760 791/4212/1807

vt 0.750853 4.13506
vn 0.0824896 -0.189443 0.978421
vt -0.452677 4.75126
vt -0.0490949 4.11104
f 767/4213/1808 305/4214/1808 791/4215/1808

vt -4.56769 4.75308
v -0.119929 0.149606 -0.115142
vt -6.52989 5.86507
vn -0.726454 -0.19478 0.659034
vt -5.30394 4.37486
f 308/4216/628 792/4217/1809 790/4218/1801

vt -6.20188 6.63289
vn -0.752042 -0.460084 0.47197
vt -6.33244 5.98056
vn -0.753514 -0.467806 0.461924
vt -4.44462 4.74651
f 312/4219/1810 792/4220/1811 308/4221/1810

vt -6.05076 7.4566
vt -5.55413 6.78472
vn -0.887894 -0.401264 0.225015
vt -5.33878 7.41417
f 314/4222/639 792/4223/1812 312/4224/639

vt 6.41482 7.15243
vn 0.885108 0.329839 -0.328315
vt 6.59684 8.30713
vt 5.89224 6.50054
f 314/4225/1813 315/4226/1813 792/4227/1813

vt -6.48474 5.82348
vn -0.580637 -0.0351944 0.813401
vt -7.40142 7.53226
vn -0.586977 -0.0620285 0.807224
v -0.12845 0.152986 -0.121078
vt -6.8935 5.95681
vn -0.556898 0.00134068 0.83058
f 792/4228/1814 315/4229/1815 793/4230/1816

vt -7.47883 7.36778
vn -0.46603 -0.0340286 0.884114
vt -6.58358 6.02946
vt -7.1008 7.60189
vn -0.416749 0.0028866 0.909017
f 263/4231/1817 793/4232/1817 315/4233/1818

vt -6.60604 4.62602
vn -0.513255 -0.0707937 0.855311
vt -6.78903 5.9028
vt -7.67923 7.24448
f 264/4234/1819 793/4235/1817 263/4236/1817

vt -6.79136 4.72463
vn -0.695626 -0.101806 0.711154
v -0.0999027 0.104553 -0.100087
vt -5.5671 4.08811
vt -6.94841 6.00486
f 264/4237/1820 794/4238/1820 793/4239/1820

vt -6.67241 4.84282
vn -0.744928 -0.41889 0.519244
vt -3.60124 2.71548
vt -5.48174 4.14548
f 264/4240/1821 743/4241/1821 794/4242/1821

vt -5.19335 2.59041
vt -3.61818 2.71316
vt -6.78389 4.69706
vn -0.712909 -0.22788 0.663198
f 742/4243/1677 743/4244/1679 264/4245/1822

vt -4.97619 3.07752
vt -6.33214 5.34229
v -0.107691 0.073031 -0.140207
vt -6.77915 3.27291
vn -0.814072 -0.445517 0.37256
f 742/4246/1676 264/4247/552 795/4248/1823

vt -6.099 5.55443
vt -7.82011 5.94456
vt -6.6194 3.50227
f 264/4249/552 265/4250/553 795/4251/1823

vt -6.88623 3.0484
vt -8.23655 5.41125
v -0.127979 0.0866807 -0.166776
vt -8.18889 3.61766
vn -0.844089 -0.388719 0.36934
f 795/4252/1823 265/4253/553 796/4254/1824

vt -7.91556 5.7765
vt -9.25321 6.12769
vt -7.94896 3.98258
f 265/4255/553 266/4256/554 796/4257/1824

vt -8.04545 3.84238
vt -9.38054 5.96842
v -0.147031 0.100199 -0.199021
vt -9.51006 4.40126
vn -0.882446 -0.30276 0.360036
f 796/4258/1824 266/4259/554 797/4260/1825

vt -9.20638 6.13316
v -0.16488 0.130943 -0.219194
vt -10.3544 5.8375
vn -0.922816 -0.214513 0.319993
vt -9.36463 4.56865
f 266/4261/554 798/4262/1826 797/4263/1825

vt -9.05254 5.84721
vt -10.7226 6.97644
vt -10.2034 5.56287
f 266/4264/554 267/4265/555 798/4266/1826

vt 5.1122 7.97689
vn -0.191176 -0.326052 -0.92582
vt 5.37215 9.46019
vn -0.142893 -0.326317 -0.934397
vt 5.11642 9.51892
f 798/4267/1827 267/4268/1828 268/4269/1827

vt 4.09976 8.12214
vt 4.05184 9.66344
v -0.15869 0.132257 -0.221277
vt 3.84323 8.17685
vn -0.238998 -0.325002 -0.915016
f 798/4270/1827 268/4271/1827 799/4272/1829

vt 10.2022 5.58662
vn 0.92272 0.215173 -0.319827
vt 10.6959 7.00424
v -0.150736 0.139858 -0.193215
vt 9.05447 5.88838
vn 0.907456 0.2661 -0.325137
f 799/4273/1830 268/4274/558 800/4275/1831

vt 10.3498 7.50507
vt 8.37747 8.30441
vt 8.72722 6.3619
f 268/4276/558 271/4277/562 800/4278/1831

vt 10.3248 7.48304
vt 9.44683 9.55205
vt 8.35134 8.27966
f 268/4279/558 269/4280/559 271/4281/562

vt 9.28534 6.01462
vt 9.02058 7.97053
v -0.135831 0.132017 -0.162633
vt 7.94887 5.69352
vn 0.879087 0.352524 -0.320831
f 800/4282/1831 271/4283/562 801/4284/1832

vt 7.14612 6.40961
vt 8.04354 8.76077
vt 6.73262 8.36928
f 801/4285/1832 271/4286/562 272/4287/563

vt 7.81715 5.92392
vt 7.54254 7.90783
vt 6.15433 5.51478
vn 0.851891 0.40983 -0.32607
f 801/4288/1832 272/4289/563 275/4290/1833

v -0.102284 0.0760407 -0.142645
vt 6.62593 3.53504
vn 0.814329 0.446822 -0.37043
vt 7.80243 5.95084
vt 6.14043 5.53835
f 802/4291/1834 801/4292/1832 275/4293/1833

v -0.122392 0.0893596 -0.1692
vt 8.16375 3.64192
vn 0.843978 0.388996 -0.3693
vt 8.19501 5.42132
vt 6.8653 3.08634
f 803/4294/1835 801/4295/1832 802/4296/1834

vt 7.95904 4.00101
vt 9.24603 6.10705
vt 7.911 5.78003
f 803/4297/1835 800/4298/1831 801/4299/1832

v -0.141199 0.102373 -0.201384
vt 9.49984 4.41066
vn 0.882374 0.302956 -0.360047
vt 9.35765 5.96055
vt 8.04151 3.8726
f 804/4300/1836 800/4301/1831 803/4302/1835

vt 9.37446 4.57265
vt 10.3494 5.80607
vt 9.20493 6.1198
f 804/4303/1836 799/4304/1830 800/4305/1831

vt 4.73911 8.21954
vn -0.0963608 -0.622909 -0.776337
vt 5.08232 9.78594
vn -0.120849 -0.595391 -0.794295
vt 4.49951 8.32575
vn -0.0342966 -0.636501 -0.770513
f 797/4306/1837 799/4307/1838 804/4308/1839

vt 4.34576 8.37739
vt 4.9005 9.88796
vn -0.138621 -0.598307 -0.789185
vt 4.64628 9.95253
f 797/4309/1837 798/4310/1840 799/4311/1838

v -0.111952 0.0608426 -0.165197
vt 3.98528 6.3367
vn 0.000218091 -0.656856 -0.754016
vt 5.27888 8.43624
vt 5.04384 8.55219
f 805/4312/1841 797/4313/1837 804/4314/1839

vt -9.28037 4.89326
vn -0.823474 -0.493709 0.27954
vt -7.57544 3.11149
vn -0.800748 -0.491537 0.342336
vt -7.83716 4.28124
f 797/4315/1842 805/4316/1843 796/4317/1824

vt -8.06979 3.87607
vt -7.74989 2.72088
vt -6.78583 3.26581
f 796/4318/1824 805/4319/1843 795/4320/1823

vt -6.82042 3.1828
vt -7.77814 2.62678
vt -5.76627 1.41
f 795/4321/1823 805/4322/1843 741/4323/1675

vt 4.06736 3.94979
vn 0.177693 -0.719571 -0.671299
vt 5.82674 5.50952
vn 0.159981 -0.739394 -0.653989
v -0.106626 0.0640652 -0.167537
vt 5.64497 5.69796
vn 0.179317 -0.728777 -0.660855
f 741/4324/1844 805/4325/1845 806/4326/1846

vt 4.7987 5.80938
vt 6.03547 7.93055
vt 4.59508 5.97398
vn 0.0473427 -0.637048 -0.769369
f 805/4327/1841 804/4328/1839 806/4329/1847

vt 7.86101 4.24845
vt 7.59852 3.10288
vn 0.800342 0.491914 -0.342745
vt 9.29937 4.83782
vn 0.822671 0.494293 -0.280867
f 803/4330/1835 806/4331/1848 804/4332/1849

vt 6.78465 3.25825
vt 7.74647 2.72269
vt 8.06522 3.8539
f 802/4333/1834 806/4334/1848 803/4335/1835

v -0.0704993 0.0378089 -0.128549
vt 5.76556 1.4237
vn 0.763519 0.528405 -0.371249
vt 7.76874 2.62159
vt 6.81301 3.16794
f 807/4336/1850 806/4337/1848 802/4338/1834

vt 4.26519 3.74435
vt 5.90454 5.43475
vt 4.10355 3.95012
vn 0.186484 -0.709386 -0.679703
f 741/4339/1844 806/4340/1846 807/4341/1851

v -0.0502751 0.0201516 -0.105567
vt 2.93499 3.05115
vn 0.174342 -0.70074 -0.691786
vt 4.09594 3.82473
vt 3.9282 4.02557
f 808/4342/1852 741/4343/1844 807/4344/1851

vt -3.34764 0.633754
vn -0.606694 -0.762551 0.224583
vt -5.68866 1.68159
vt -4.58483 0.828496
f 739/4345/1853 741/4346/1853 808/4347/1853

vt -3.30625 0.816121
vn -0.463034 -0.883032 0.0765123
vt -4.52324 1.11191
vn -0.411883 -0.904756 0.108486
v -0.0299996 0.0128453 -0.089521
vt -3.70904 0.436566
f 739/4348/1854 808/4349/1855 809/4350/1854

vt 2.73651 1.70334
vn 0.417341 -0.503408 -0.756575
vt 3.7406 2.03625
vn 0.417934 -0.50371 -0.756047
v -0.0464159 0.0253766 -0.106915
vt 3.63319 2.27432
f 809/4351/1856 808/4352/1857 810/4353/1857

vt 3.7454 2.0342
vt 4.88036 2.83908
vn 0.418526 -0.504011 -0.755518
vt 3.63821 2.27238
f 808/4354/1857 807/4355/1858 810/4356/1857

vt 4.58028 0.848049
vn 0.594002 0.774948 -0.215911
vt 5.70471 1.62248
v -0.0316768 0.0217778 -0.0792817
vt 3.35958 0.623876
f 810/4357/1859 807/4358/1859 811/4359/1859

vt 3.33849 0.497634
vn 0.693409 0.572738 -0.437213
vt 5.77206 1.25565
v -0.0817275 0.071127 -0.10275
vt 5.0896 2.83109
vn 0.768944 0.513909 -0.380292
f 811/4360/1860 807/4361/1850 812/4362/1861

vt 5.74697 1.54958
vt 6.75309 3.31798
vt 4.99021 3.0907
f 807/4363/1850 802/4364/1834 812/4365/1861

vt 6.77564 3.28726
vt 6.36595 5.30744
vt 5.01108 3.07342
f 802/4366/1834 275/4367/1833 812/4368/1861

vt 6.74159 4.71037
vn 0.712007 0.224735 -0.665237
v -0.0557548 0.0722625 -0.0745681
vt 3.64373 2.68224
vn 0.623453 0.0671672 -0.77897
vt 5.15256 2.63637
vn 0.712663 0.221255 -0.665701
f 275/4369/1862 813/4370/1863 812/4371/1864

v -0.0953625 0.105731 -0.104788
vt 5.50524 4.1252
vn 0.749877 0.447201 -0.48754
vt 3.65778 2.65201
vt 6.62901 4.8615
f 814/4372/1865 813/4373/1865 275/4374/1865

v -0.0894469 0.112722 -0.102246
vt 5.1187 4.60948
vn 0.546342 -0.084478 -0.833291
vt 3.41649 3.00119
vt 5.36928 4.33161
vn 0.506017 -0.1174 -0.854496
f 815/4375/1866 813/4376/1863 814/4377/1867

vt 5.26107 4.45434
vt 2.86943 3.87685
vn 0.5485 -0.0153203 -0.83601
vt 3.54466 2.86121
f 815/4378/1866 284/4379/1868 813/4380/1863

vt 5.32272 4.05828
vn 0.690231 0.249617 -0.67917
vt 4.5637 4.52586
vt 2.93844 3.4511
f 815/4381/1869 282/4382/583 284/4383/585

vt 5.34727 4.33765
vt 6.52997 5.87852
vn 0.725782 0.188566 -0.661576
vt 4.57932 4.79042
f 815/4384/1869 278/4385/1870 282/4386/583

vt 6.92159 5.98679
vt 6.44845 5.90164
vt 5.23227 4.38706
vn 0.599313 0.0422496 -0.799399
f 276/4387/572 278/4388/572 815/4389/1871

vt 5.04116 4.58964
vt 5.29325 4.31314
vt 6.72471 6.19544
vn 0.487178 -0.0965651 -0.867947
f 815/4390/1866 814/4391/1867 276/4392/1872

vt 6.99649 5.98866
vn 0.688387 0.0962785 -0.718925
vt 5.56497 4.10641
vt 6.73425 4.76807
f 276/4393/1873 814/4394/1873 275/4395/1873

v -0.0185469 0.0721791 -0.0499101
vt 1.69423 2.79119
vn 0.503013 -0.0284583 -0.86381
vt 3.45159 2.79448
vt 2.77729 3.81074
f 816/4396/1874 813/4397/1863 284/4398/1868

vt 1.69413 2.84583
v -0.0161463 0.0374254 -0.0481791
vt 1.5777 1.47757
vn 0.605554 0.0565521 -0.793793
vt 3.45149 2.84912
f 816/4399/1874 817/4400/1875 813/4401/1863

v -0.00996507 0.0459568 -0.0428633
vt 1.39059 1.80238
vn 0.616135 0.0436049 -0.786433
vt 1.71155 1.46649
vt 1.82772 2.83477
f 818/4402/1876 817/4403/1875 816/4404/1874

vt 1.30638 1.71197
v -0.00250209 0.00507894 -0.0415387
vt 1.03769 0.0973719
vn 0.583806 0.0804046 -0.807902
vt 1.62621 1.37499
f 818/4405/1876 819/4406/1877 817/4407/1875

vt 1.6508 1.7187
vn 0.850998 0.138953 -0.506452
v -0.00196033 0.010237 -0.0392132
vt 1.36613 0.298627
vt 1.45572 0.0935664
f 818/4408/1878 820/4409/1878 819/4410/1878

v -0.00489829 0.0507033 -0.0398427
vt 0.946079 1.96716
vn 0.537946 -0.0383395 -0.842107
vt 0.833366 0.373596
vn 0.496283 0.0225302 -0.867869
vt 1.17828 1.78025
vn 0.502004 -0.0596258 -0.862808
f 821/4411/1879 820/4412/1880 818/4413/1881

vt 1.42583 1.95746
vn 0.841634 0.0527435 -0.537467
v -0.000252425 0.0147448 -0.0360963
vt 1.20308 0.539797
vt 1.34269 0.362074
f 821/4414/1882 822/4415/1882 820/4416/1882

v 0.000748787 0.0449166 -0.0360169
vt 0.754645 1.7874
vn 0.549492 -0.0160361 -0.835345
vt 0.789294 0.599382
vt 1.02316 2.01525
f 823/4417/1883 822/4418/1883 821/4419/1883

vt 0.150394 1.77061
vn 0.126684 -0.00159372 -0.991942
v 0.00166568 0.0219492 -0.0358629
vt 0.113819 0.866387
vt 0.189891 0.582748
f 823/4420/1884 824/4421/1884 822/4422/1884

vt -0.905303 1.8004
vn -0.601111 -0.0813056 -0.795019
vt -1.1453 1.91282
vt -0.929791 0.895767
vn -0.621883 -0.0300735 -0.782532
f 823/4423/1885 725/4424/1885 824/4425/1886

vt -1.13579 3.76918
vn -0.578408 -0.132276 -0.804951
vt -1.09094 2.01623
vt -0.851388 1.90287
f 290/4426/1887 725/4427/1885 823/4428/1885

vt -0.725659 2.05267
vt -0.703818 3.80606
vn -0.329917 -0.134117 -0.934434
vt -0.926939 3.6189
f 725/4429/1649 290/4430/1888 724/4431/1648

vt -0.871497 4.44258
vt -0.655373 3.32338
vn -0.177103 0.0592098 -0.98241
vt -0.431115 3.50917
f 291/4432/595 724/4433/1889 290/4434/595

vt -1.44058 4.35759
vn -0.530988 0.126828 -0.837835
v 0.0143591 0.0968139 -0.0488592
vt -1.50722 3.61311
vt -1.26538 3.23126
f 291/4435/1890 825/4436/1890 724/4437/1890

vt -1.12465 4.28451
vn -0.346416 0.0932132 -0.933439
v 0.0237133 0.111727 -0.0498369
vt -1.5285 4.13159
vt -1.16814 3.53831
vn -0.326415 0.143491 -0.934272
f 291/4438/1891 826/4439/1891 825/4440/1892

vt -1.58652 4.33137
vt -1.18212 4.48284
v 0.0430678 0.120014 -0.0570622
vt -2.39975 4.65792
vn -0.365401 0.0426626 -0.929872
f 826/4441/1891 291/4442/1891 827/4443/1893

vt -1.24139 3.88219
vn -0.382014 0.30758 -0.87147
vt -2.46839 4.73541
vt -2.4577 4.0662
vn -0.383458 0.310263 -0.869883
f 291/4444/1894 763/4445/1728 827/4446/1895

vt -1.23549 3.89621
vt -1.11606 4.57316
vt -2.46357 4.74787
f 291/4447/1894 292/4448/1726 763/4449/1728

vt -2.74841 4.31997
vn -0.624639 0.299907 -0.721029
vt -2.69892 4.98744
vn -0.619087 0.302534 -0.724709
v 0.101408 0.149623 -0.094539
vt -5.45314 5.54297
vn -0.621217 0.316819 -0.716739
f 827/4450/1896 763/4451/1897 828/4452/1898

vt -5.43107 5.87646
vn -0.630321 -0.0158462 -0.776173
vt -2.67175 5.34681
vn -0.605392 0.0231814 -0.79559
vt -4.29101 5.93868
vn -0.607275 -0.0189721 -0.794265
f 828/4453/1899 763/4454/1900 762/4455/1901

vt -5.43352 5.91138
vt -4.29346 5.97371
v 0.111661 0.172937 -0.104216
vt -5.98574 6.83097
vn -0.655227 0.00988407 -0.755367
f 828/4456/1899 762/4457/1901 829/4458/1902

vt -5.86517 6.58735
vn -0.708696 0.542027 -0.451616
vt -4.24151 5.60631
vn -0.721125 0.489155 -0.490618
vt -4.60032 6.07108
f 829/4459/1903 762/4460/1904 700/4461/1903

vt -3.6643 5.74566
vt -4.70285 6.06058
vn -0.586532 0.242222 -0.772857
vt -4.29031 5.64276
f 699/4462/1721 700/4463/1905 762/4464/1721

vt -4.52411 5.92781
vt -5.22055 6.56501
vn -0.693097 0.592476 -0.410595
vt -5.77068 6.48677
f 700/4465/1903 701/4466/1906 829/4467/1903

v 0.11869 0.188603 -0.10874
vt -5.95711 7.73134
vn -0.875524 0.295307 -0.382427
vt -5.67119 7.0934
vn -0.868648 0.269691 -0.415592
vt -5.11936 7.1586
vn -0.86034 0.31661 -0.399465
f 830/4468/1907 829/4469/1908 701/4470/1909

v 0.127775 0.203904 -0.11825
vt -6.27846 8.47795
vn -0.878044 0.280233 -0.387954
vt -5.51837 7.20656
vt -5.79226 7.84975
f 831/4471/1910 829/4472/1908 830/4473/1907

v 0.139432 0.21455 -0.124261
vt -6.32034 9.21116
vn -0.179902 -0.326863 -0.927791
vt -5.09677 7.47761
vt -5.82475 8.76766
f 832/4474/1911 829/4475/1911 831/4476/1911

vt -7.35159 8.41905
vn -0.676676 0.100209 -0.72943
v 0.124621 0.174092 -0.116079
vt -6.70502 6.81817
vn -0.676731 0.0453941 -0.73483
vt -6.01332 6.77244
f 832/4477/1912 833/4478/1913 829/4479/1902

v 0.137023 0.194595 -0.132056
vt -6.86678 8.16958
vn -0.891779 0.241022 -0.382933
vt -6.09886 7.33537
vn -0.867777 0.286837 -0.405817
vt -6.61948 8.98153
vn -0.894065 0.252482 -0.370001
f 834/4480/1914 833/4481/1915 832/4482/1916

vt -6.94334 8.10266
v 0.126729 0.170561 -0.122865
vt -6.44796 7.13049
vn -0.840126 0.334098 -0.427279
vt -6.17014 7.27335
f 834/4483/1914 835/4484/1917 833/4485/1915

vt 0.740603 9.25129
vn -0.556252 0.493836 0.668363
vt 0.820603 10.3395
v 0.114427 0.150373 -0.118187
vt 0.486109 8.33726
f 835/4486/1918 834/4487/1918 836/4488/1918

vt -7.46156 7.5887
vn -0.624363 0.0751911 -0.777507
v 0.12529 0.153702 -0.126589
vt -6.96665 5.97416
vt -6.42604 5.84273
f 834/4489/1919 837/4490/1919 836/4491/1919

vt -7.0533 7.67159
vn -0.385844 0.0350583 -0.921898
v 0.145396 0.188371 -0.135797
vt -7.41438 7.42655
vn -0.424615 0.0453924 -0.904235
vt -6.54376 6.06161
vn -0.434757 0.012973 -0.900454
f 834/4492/1920 838/4493/1921 837/4494/1922

vt -6.9087 7.42513
v 0.147622 0.213866 -0.134626
vt -7.33435 8.18592
vn -0.413964 0.0777977 -0.906963
vt -7.26932 7.17942
f 834/4495/1920 839/4496/1923 838/4497/1921

vt -7.78317 8.33637
vn -0.719367 0.362834 -0.592336
vt -7.44045 7.53479
vn -0.732181 0.322705 -0.59981
vt -7.26317 8.36484
f 839/4498/1924 834/4499/1925 832/4500/1924

vt -7.78887 8.14994
vt -7.26892 8.17937
v 0.163045 0.231405 -0.141172
vt -8.3746 8.90418
vn -0.705237 0.402299 -0.583778
f 839/4501/1924 832/4502/1924 840/4503/1926

vt -7.08567 8.18545
vn -0.695919 0.537632 -0.476076
vt -6.48469 9.18632
vn -0.706937 0.537447 -0.459773
vt -8.14886 8.97124
vn -0.709873 0.535622 -0.457373
f 832/4504/1927 707/4505/1928 840/4506/1929

vt -6.21915 8.46284
vn -0.682211 0.566538 -0.462193
vt -6.50588 9.14385
vt -7.10224 8.14023
f 706/4507/1930 707/4508/1928 832/4509/1927

v 0.125814 0.211867 -0.108252
vt -6.33191 7.67308
vn -0.684606 0.537609 -0.492232
vt -6.27818 8.14175
vt -7.15571 7.8043
f 841/4510/1931 706/4511/1930 832/4512/1927

vt -5.32839 6.73698
vt -6.55528 7.0753
vt -6.53324 6.60408
vn -0.510516 0.599003 -0.616903
f 705/4513/1606 706/4514/1608 841/4515/1932

vt -5.30999 7.97096
vn -0.676513 -0.284851 -0.67911
vt -6.51706 7.85994
v 0.11869 0.207221 -0.0992064
vt -6.06702 7.66914
f 705/4516/1933 841/4517/1933 842/4518/1933

vt -5.69995 7.60884
vn -0.792951 0.0312259 -0.608484
vt -5.94333 8.19585
vt -6.3966 8.37883
f 702/4519/1934 842/4520/1934 841/4521/1934

vt -5.84663 7.55349
vt -5.54608 7.93446
vt -6.08883 8.14098
vn -0.650651 -0.069226 -0.756215
f 702/4522/1597 704/4523/1601 842/4524/1935

vt -5.84521 7.54736
vt -4.71976 7.19624
vt -5.54482 7.92847
f 702/4525/1597 703/4526/1599 704/4527/1601

vt -5.32855 8.41376
vt -6.09002 8.12334
vt -5.54747 7.91631
f 705/4528/1603 842/4529/1935 704/4530/1601

vt -5.64778 7.93485
vt -5.06886 8.08732
vn -0.879542 0.329488 -0.343284
vt -5.72813 8.88954
vn -0.888174 0.279644 -0.364617
f 830/4531/1907 702/4532/1936 841/4533/1937

vt -4.9064 7.30358
vt -5.14914 8.05901
vt -5.72662 7.90116
f 701/4534/1909 702/4535/1936 830/4536/1907

vt -5.8164 7.83177
vt -5.91343 8.78491
vt -6.30427 8.45867
f 830/4537/1907 841/4538/1937 831/4539/1910

vt -6.73205 7.66207
vn -0.706431 0.479598 -0.52052
vt -6.36935 8.01933
vt -7.1948 8.13973
f 831/4540/1938 841/4541/1931 832/4542/1927

vt -8.04384 9.50041
vn -0.898283 0.231569 -0.373448
vt -6.37633 9.68793
vt -6.81714 11.1238
f 840/4543/1939 707/4544/1611 708/4545/1613

vt -7.77513 9.58343
vt -6.5178 11.1832
vt -8.46082 10.8161
vn -0.908401 0.222049 -0.354262
f 840/4546/1939 708/4547/1613 711/4548/1940

vt -8.47962 10.0987
vt -7.20138 9.96313
vt -7.84709 11.2172
f 712/4549/1634 840/4550/1939 711/4551/1940

vt -7.40534 7.76854
vt -7.21554 9.896
vt -8.49388 10.0306
f 713/4552/1635 840/4553/1939 712/4554/1634

vt -8.31116 7.14003
vn -0.78314 0.233996 -0.576141
vt -7.71003 7.52802
vt -8.29572 9.27588
vn -0.77614 0.245785 -0.580686
f 713/4555/1941 838/4556/1941 840/4557/1942

vt -8.28944 7.17932
vt -6.69543 4.91853
vn -0.789976 0.222159 -0.571475
vt -7.68686 7.56505
f 713/4558/1941 715/4559/1943 838/4560/1941

vt -6.38909 4.76741
vn -0.458588 0.030064 -0.88814
vt -6.66946 5.98342
vt -7.53913 7.34896
f 715/4561/1944 837/4562/1922 838/4563/1921

vt -6.75097 4.78598
vn -0.688352 0.093684 -0.719302
v 0.0960192 0.10602 -0.104788
vt -5.58352 4.12128
vt -7.00955 6.00681
f 715/4564/1945 843/4565/1945 837/4566/1945

vt -3.6908 2.68795
vn -0.751333 0.439026 -0.492702
vt -5.5229 4.14487
vt -6.6464 4.88143
f 720/4567/1946 843/4568/1946 715/4569/1946

v 0.0900697 0.113006 -0.102235
vt -5.14055 4.62009
vn -0.547669 -0.085495 -0.832315
vt -5.39244 4.34232
vn -0.506264 -0.119086 -0.854117
vt -3.46077 3.02025
f 844/4570/1947 843/4571/1948 720/4572/1643

vt -5.06234 4.60118
vt -6.74084 6.21111
vn -0.487121 -0.0977662 -0.867845
vt -5.31579 4.32483
f 844/4573/1947 837/4574/1949 843/4575/1948

vt -6.96662 5.97434
vn -0.624341 0.0750324 -0.77754
vt -5.28508 4.3676
vt -6.42601 5.84291
f 837/4576/1950 844/4577/1950 836/4578/1950

v 0.0812823 0.125223 -0.0882379
vt -4.72145 4.85067
vn -0.661149 0.283275 -0.694721
vt -6.46773 5.86259
vn -0.737547 0.206246 -0.643029
vt -5.36418 4.35911
vn -0.693673 0.267364 -0.66883
f 845/4579/1951 836/4580/1952 844/4581/1953

vt -6.21912 5.99725
vn -0.784887 0.457798 -0.417579
vt -4.56683 4.83819
vn -0.75523 0.519806 -0.399286
vt -5.15647 5.96268
vn -0.794492 0.430785 -0.428027
f 836/4582/1954 845/4583/1955 828/4584/1956

vt -2.75686 4.27086
vt -5.45599 5.50619
vt -4.69719 4.48816
f 827/4585/1896 828/4586/1898 845/4587/1951

v 0.0415746 0.0998945 -0.0631064
vt -2.86355 3.57677
vn -0.638582 0.296497 -0.710142
vt -2.75227 4.39844
vt -4.69311 4.61115
f 846/4588/1957 827/4589/1896 845/4590/1951

vt -2.59662 3.34765
vn -0.45626 0.26419 -0.849724
vt -1.73188 3.83413
vt -2.53929 4.17484
vn -0.440731 0.288107 -0.850147
f 846/4591/1958 826/4592/1958 827/4593/1959

vt -2.63736 3.48729
vt -1.42832 3.36235
vn -0.471419 0.240058 -0.848608
vt -1.76895 3.96718
f 846/4594/1958 825/4595/1960 826/4596/1958

vt -1.57682 2.9156
vt -1.3851 3.88467
vn -0.391894 -0.0396053 -0.919157
vt -2.5945 4.00614
vn -0.547185 -0.00842016 -0.836969
f 722/4597/1646 825/4598/1961 846/4599/1962

vt -0.910568 3.47194
vt -1.15703 3.85081
vt -1.3544 2.88288
f 724/4600/1648 825/4601/1961 722/4602/1646

vt -3.49373 2.80508
vt -1.71826 2.78397
vt -2.73639 3.87409
f 720/4603/1643 722/4604/1646 846/4605/1962

vt -5.28386 4.46454
vt -3.58938 2.88028
vt -2.83063 3.94828
f 844/4606/1947 720/4607/1643 846/4608/1962

vt -5.33912 4.03527
vt -2.89237 3.4891
vt -4.71006 4.5442
f 844/4609/1953 846/4610/1957 845/4611/1951

vt -6.619 7.00623
vt -6.22811 6.1417
vt -5.16538 6.10957
f 835/4612/1917 836/4613/1954 828/4614/1956

vt -6.64555 6.98645
vt -5.18754 6.09696
vt -6.37154 7.13648
f 835/4615/1917 828/4616/1956 833/4617/1915

vt -6.70474 6.85431
vt -5.45802 5.8909
vt -6.01303 6.80881
f 833/4618/1913 828/4619/1899 829/4620/1902

vt -4.90678 2.69571
vt -3.65336 2.76042
vt -6.75037 4.74924
vn -0.683738 0.134381 -0.717247
f 717/4621/1644 720/4622/1643 715/4623/1963

vt -8.27327 8.92534
vn -0.466179 0.0811608 -0.88096
vt -7.56015 7.22548
vt -7.61602 8.23254
f 840/4624/1964 838/4625/1921 839/4626/1923

vt 0.629893 3.87608
vn 0.404414 -0.195952 -0.893337
vt 0.557937 1.9896
vt 0.822592 2.22192
f 290/4627/1965 823/4628/1965 821/4629/1965

vt 0.201791 3.85896
vn 0.174913 -0.162544 -0.971074
vt 0.467861 2.21502
vn 0.194596 -0.162824 -0.967275
vt 0.441101 3.90487
f 290/4630/1966 821/4631/1967 289/4632/1967

vt 0.723433 3.66292
vn 0.214199 -0.16304 -0.963087
vt 0.513219 3.9023
vt 0.528799 2.2123
f 287/4633/1968 289/4634/1967 821/4635/1967

vt 1.33691 3.54017
vn 0.454701 -0.0817876 -0.886881
vt 1.0657 2.1019
vt 1.29719 1.91411
f 287/4636/1969 821/4637/1879 818/4638/1881

vt 1.50305 2.97554
vt 1.09005 3.5643
vt 1.0788 1.93779
f 816/4639/1874 287/4640/1969 818/4641/1881

vt 1.20195 3.80169
vn 0.409737 -0.0552554 -0.910529
vt 0.959878 3.49363
vt 1.37642 2.90737
f 286/4642/1970 287/4643/1969 816/4644/1874

vt 1.56244 2.92903
vt 2.64406 3.95009
vt 1.39413 3.82453
f 816/4645/1874 284/4646/1868 286/4647/1970

vt -1.36975 0.827054
vn -0.952258 0.095119 -0.290098
vt -1.56454 1.84827
v 0.000839067 0.00543063 -0.0385658
vt -1.46206 0.173753
f 824/4648/1971 725/4649/1971 847/4650/1971

vt -1.21038 1.82717
vn -0.668223 0.0500669 -0.742275
vt -1.21111 0.325457
vt -1.04041 0.158145
f 725/4651/1972 726/4652/1972 847/4653/1972

vt -1.06058 1.1548
vn -0.505924 0.713898 0.484139
vt -1.24965 0.896396
vt -1.07415 0.916169
f 726/4654/1973 819/4655/1973 847/4656/1973

vt -0.608788 -0.277296
vn -0.25203 0.411595 -0.875826
vt -0.641253 -0.475446
vt -0.357584 -0.475842
f 726/4657/1974 727/4658/1974 819/4659/1974

vt 0.352933 1.50057
vn 0.130965 0.878132 0.460143
vt 0.636602 1.50132
v -0.00409372 0.00639552 -0.0435982
vt 0.31486 1.60891
f 819/4660/1975 727/4661/1975 848/4662/1975

vt 0.0022401 2.04913
vn 0.109011 0.745816 0.657172
vt 0.12189 1.45031
vt 0.452227 1.37304
f 730/4663/1976 848/4664/1976 727/4665/1976

vt 2.16191 0.658012
vn 0.932662 0.348508 -0.0931817
vt 1.95061 1.53579
vt 1.72399 0.232427
f 730/4666/1977 817/4667/1977 848/4668/1977

vt 1.72003 0.929
vn 0.596254 0.40767 -0.691583
vt 1.66254 0.0279827
v -0.0363353 0.0390347 -0.0646365
vt 2.74511 0.998387
f 817/4669/1978 730/4670/1978 849/4671/1978

vt 1.9381 -0.0345658
vn 0.653346 0.593937 -0.469444
vt 3.25975 0.219686
vt 2.9002 1.05539
vn 0.695504 0.564747 -0.444224
f 730/4672/1979 811/4673/1860 849/4674/1980

vt 2.40266 -0.341767
vn 0.64797 0.605446 -0.462136
vt 3.26537 0.199801
vt 1.94478 -0.0599094
f 731/4675/1981 811/4676/1860 730/4677/1979

vt 2.63239 0.50003
vn 0.503762 0.863365 -0.0287107
v -0.0273944 0.0189349 -0.0896345
vt 3.58457 1.13244
vn 0.448699 0.891715 -0.0592721
vt 3.18723 1.35426
f 731/4678/1982 850/4679/1983 811/4680/1983

vt -0.775603 3.08108
vt -1.43544 3.44514
vn -0.0359996 0.936625 0.348478
vt -0.744824 2.53429
f 733/4681/1661 850/4682/1984 731/4683/1659

vt 2.25606 -0.293829
vn 0.565596 0.279997 -0.775695
vt 2.95056 0.0951777
vt 2.20876 -0.0376772
f 735/4684/1985 850/4685/1985 733/4686/1985

vt 1.6126 0.854097
vn 0.365917 -0.173584 -0.914316
vt 2.40607 0.989858
vt 2.31251 1.2333
f 735/4687/1986 809/4688/1986 850/4689/1986

vt 0.142845 2.5578
vt 0.614213 3.64955
vn -0.0468383 -0.954284 -0.29521
vt -0.0550795 3.20225
f 737/4690/1668 809/4691/1987 735/4692/1666

vt -3.15751 1.3237
vt -3.61297 1.00929
vt -2.60732 0.374637
vn -0.512281 -0.857679 0.0442241
f 739/4693/1854 809/4694/1854 737/4695/1988

vt 3.10904 1.03533
vn 0.596086 -0.269113 -0.756478
vt 4.04052 1.54758
vt 3.03124 1.28426
f 809/4696/1989 810/4697/1989 850/4698/1989

vt 3.68056 0.541605
vt 4.51073 1.17309
vn 0.391496 0.915812 -0.0895508
vt 3.32082 0.820304
f 850/4699/1983 810/4700/1990 811/4701/1983

vt 3.33204 0.477248
vt 5.10296 2.7957
vt 2.91927 1.28798
f 811/4702/1860 812/4703/1861 849/4704/1980

vt 3.64381 2.6897
vt 2.83621 1.34935
vn 0.674577 0.180283 -0.715852
vt 5.15265 2.6439
f 813/4705/1863 849/4706/1991 812/4707/1864

vt 1.70059 1.30913
vt 2.72602 1.37313
vt 3.56405 2.69467
f 817/4708/1875 849/4709/1991 813/4710/1863

vt 1.46454 0.00721424
vn 0.837066 0.253564 -0.484795
vt 1.56611 0.0607993
vt 1.95999 1.32372
f 819/4711/1992 848/4712/1992 817/4713/1992

vt -0.575487 1.82209
vn -0.0817488 0.630655 0.771746
vt -0.00733842 1.24175
vt 0.123402 1.81191
f 730/4714/1993 727/4715/1993 728/4716/1993

vt 1.0598 0.0901016
vn 0.626615 0.266312 -0.732415
vt 0.959371 -0.106155
vt 1.1354 -0.120515
vn 0.62519 0.265266 -0.734011
f 820/4717/1994 847/4718/1994 819/4719/1995

vt 0.964541 -0.107606
vt 1.06474 0.0887681
vt 0.933767 0.272947
vn 0.628037 0.267355 -0.730815
f 847/4720/1994 820/4721/1994 822/4722/1996

vt -0.728884 0.373086
vn -0.511882 0.163604 -0.843333
vt -0.788671 0.660598
vt -0.816064 0.00137728
f 822/4723/1997 824/4724/1997 847/4725/1997

vt -4.95428 3.1188
vt -6.75587 3.32644
vt -5.74039 1.53121
f 742/4726/1676 795/4727/1823 741/4728/1675

vt -5.44692 4.22112
vn -0.524434 0.0944495 0.846196
vt -3.479 2.91404
vt -5.1716 4.53524
f 794/4729/1998 743/4730/1797 790/4731/1799

vt -6.77604 6.12117
vt -5.38828 4.20909
vt -5.11161 4.52201
f 793/4732/1816 794/4733/1998 790/4734/1799

vt -5.20838 4.41972
vt -6.46816 5.88144
vt -6.87701 6.01451
f 790/4735/1799 792/4736/1814 793/4737/1816

vt -6.24157 6.59556
vt -4.46623 4.72619
vt -4.8302 5.85149
vn -0.750448 -0.452287 0.481938
f 312/4738/1810 308/4739/1810 309/4740/1999

vt 0.223766 -0.970384
vn 0.21767 -0.614195 0.758541
vt 0.76117 -0.979688
vt 0.731475 -0.555899
f 746/4741/2000 747/4742/2000 779/4743/2000

vt 1.71956 -0.105444
vn 0.896077 -0.338108 0.287628
vt 1.88865 1.45878
vt 1.48676 0.249918
f 747/4744/2001 749/4745/2001 779/4746/2001

vt 1.11016 0.236318
vn 0.532042 -0.0643485 0.844269
vt 1.67776 1.3768
v 0.0150814 0.0504647 -0.0375863
vt 1.33132 1.92031
vn 0.575632 -0.0427859 0.816588
f 779/4747/2002 749/4748/1691 851/4749/2003

vt 1.76868 1.44513
vt 1.81356 2.85637
vt 1.42015 1.9873
f 749/4750/1691 772/4751/1757 851/4752/2003

vt 1.70189 2.86052
vt 1.65754 1.44926
vt 3.5219 2.85352
f 772/4753/1757 749/4754/1691 751/4755/1690

vt 2.74131 3.85023
vt 1.7017 2.80756
vt 3.52171 2.80055
f 769/4756/1755 772/4757/1757 751/4758/1690

vt 2.81125 3.90935
vt 3.59296 2.86063
vt 5.28142 4.44959
f 769/4759/1755 751/4760/1690 754/4761/1698

vt 3.51621 2.94485
vt 5.47005 4.23336
vt 5.19426 4.54479
f 751/4762/1690 753/4763/1696 754/4764/1698

vt 4.71896 4.52631
vt 2.85714 3.51345
vt 5.31938 4.08874
f 756/4765/1702 769/4766/1748 754/4767/1700

vt 1.56025 2.97491
vt 1.07327 3.56859
vt 1.18073 2.09968
vn 0.436639 0.11861 0.891784
f 772/4768/1757 773/4769/1758 851/4770/2004

vt 0.914218 2.00682
vt 1.18723 2.09919
vt 1.08084 3.56817
f 775/4771/1763 851/4772/2004 773/4773/1758

vt 1.01801 0.242823
vt 1.24874 1.92553
vt 0.975553 1.83365
vn 0.494451 -0.0583786 0.867243
f 779/4774/2002 851/4775/2003 775/4776/2005

vt 4.289 5.77288
vn 0.581215 -0.169382 0.795926
vt 4.7594 6.08769
vt 3.64974 5.76698
f 759/4777/2006 687/4778/2006 692/4779/2006

vt 4.32946 6.00506
vt 3.94199 5.59246
vn 0.680047 -0.659213 0.320896
vt 5.51943 6.72274
f 687/4780/1558 759/4781/2007 684/4782/1558

vt 6.04324 6.77547
vt 4.29916 5.92457
vt 5.48753 5.82884
f 684/4783/1552 759/4784/1707 757/4785/1709

vt 6.04352 6.77129
vt 5.48596 5.82574
vt 6.7572 6.80083
f 684/4786/1552 757/4787/1709 682/4788/1553

vt 6.31261 7.20722
vn 0.811952 -0.389797 0.434502
vt 5.11025 6.14839
vt 6.17518 6.18466
f 682/4789/2008 757/4790/1703 755/4791/1703

vt 5.13062 8.0065
vt 5.13515 6.97475
vn 0.902649 -0.408625 0.135095
vt 5.73152 7.77449
f 682/4792/1549 755/4793/2009 681/4794/1549

vt -5.12851 6.97965
vn -0.902414 0.409658 -0.133524
vt -5.77697 8.90528
vt -5.72433 7.7798
f 755/4795/2010 66/4796/2010 681/4797/2010

vt 6.46448 5.79906
vt 6.93568 5.97791
vt 7.47848 7.55983
vn 0.611412 -0.0685816 0.788335
f 755/4798/1699 65/4799/1697 66/4800/2011

vt 6.29114 5.42153
vt 4.69839 3.14001
vn 0.773737 -0.503029 0.385088
vt 6.43428 3.13365
f 62/4801/124 752/4802/2012 60/4803/121

vt 6.43544 3.13701
vt 4.69955 3.14401
v 0.0487123 0.0288321 -0.079583
vt 3.63619 1.23009
vn 0.73206 -0.53338 0.423785
f 60/4804/121 752/4805/2012 852/4806/2013

vt 3.67254 0.941506
vt 4.90197 2.75323
vt 3.13794 1.65708
vn 0.697939 -0.520759 0.491621
f 852/4807/2013 752/4808/2012 750/4809/2014

vt 3.14964 1.47969
vt 1.92271 -0.0824612
vn 0.66586 -0.542034 0.512669
vt 3.65257 0.74151
f 750/4810/2014 748/4811/2015 852/4812/2013

v 0.0320153 0.0124973 -0.0881418
vt 3.67382 0.0474237
vn 0.577547 -0.754139 0.312593
vt 3.65456 1.02665
vt 2.05464 -0.0276824
vn 0.592051 -0.75411 0.284242
f 853/4813/2016 852/4814/2016 748/4815/2017

v 0.0609853 0.0237092 -0.11118
vt 4.98785 0.452788
vn 0.562457 -0.753403 0.340626
vt 3.67349 0.759515
vt 3.62119 -0.218501
f 854/4816/2018 852/4817/2016 853/4818/2016

vt 6.51364 2.96374
vt 3.65923 1.14041
vt 4.98829 0.905405
vn 0.768843 -0.514492 0.379708
f 60/4819/121 852/4820/2013 854/4821/2019

vt 7.80293 2.64564
vt 6.50786 2.97808
vt 4.98731 0.916193
f 58/4822/119 60/4823/121 854/4824/2019

vt 7.85126 2.2843
vn 0.764022 -0.148323 0.62791
vt 4.90612 0.786018
v 0.0838779 0.0392746 -0.135358
vt 6.21378 1.40568
f 58/4825/2020 854/4826/2020 855/4827/2020

vt -4.77136 3.99507
vn -0.173753 -0.735319 -0.655069
vt -3.62252 3.11522
vn -0.240088 -0.734549 -0.634661
v 0.0560895 0.027454 -0.113662
vt -3.4688 3.3269
vn -0.217343 -0.742156 -0.634009
f 855/4828/2021 854/4829/2022 856/4830/2023

vt -3.96461 2.89336
v 0.0285835 0.0179456 -0.089723
vt -2.45641 2.5502
vn -0.267126 -0.750166 -0.604892
vt -3.82777 3.11632
f 854/4831/2022 857/4832/2024 856/4833/2023

vt -4.2113 2.121
vn -0.420364 -0.486981 -0.7656
vt -2.775 1.61561
vn -0.412241 -0.483735 -0.772048
vt -2.68653 1.8612
f 854/4834/2025 853/4835/2026 857/4836/2026

vt -2.71748 1.63221
v 0.0115447 0.0156272 -0.0794473
vt -1.84447 1.77271
vn -0.404069 -0.480433 -0.778404
vt -2.62624 1.87678
f 853/4837/2026 858/4838/2027 857/4839/2026

vt -2.39898 -0.344732
vn -0.336078 0.290599 -0.895881
v 0.0113902 0.00931878 -0.0814356
vt -1.54597 -0.475516
vn -0.338981 0.295009 -0.893343
vt -1.52417 -0.215953
vn -0.340444 0.290224 -0.894353
f 853/4840/2028 859/4841/2029 858/4842/2030

vt -0.254883 3.68761
vn 0.0698704 -0.967353 -0.24361
vt 0.498572 2.48228
vt 0.452866 3.19383
vn 0.0162384 -0.964869 -0.262231
f 853/4843/2031 736/4844/1665 859/4845/2032

vt 3.68111 -0.0194649
vn 0.426784 -0.883472 0.193216
vt 2.06362 -0.124753
vt 2.41803 -0.671503
f 853/4846/2033 748/4847/2033 736/4848/2033

vt 0.390296 -1.63699
vn -0.0261399 -0.89157 0.452128
vt -0.628844 -1.61805
vt 0.0667801 -2.20258
f 748/4849/2034 738/4850/1669 736/4851/1669

vt -0.437268 1.58115
vt 0.387716 1.10165
vt 0.581992 1.59185
vn 0.0279799 -0.597732 -0.801208
f 748/4852/1685 745/4853/1685 738/4854/2035

vt -0.869459 3.09502
vt -0.551785 2.45668
vt -0.443552 3.00124
f 859/4855/2032 736/4856/1665 734/4857/1667

vt -1.55068 -0.516028
vt -1.11546 -0.54384
vn -0.336028 0.304555 -0.891253
vt -1.08632 -0.284994
vn -0.340427 0.29721 -0.892062
f 859/4858/2029 734/4859/2036 732/4860/2037

vt -1.57338 -0.468914
vt -1.10848 -0.238986
vt -1.55085 -0.209414
f 859/4861/2029 732/4862/2037 858/4863/2030

vt 0.533057 2.95692
vt 0.596886 2.52156
vt 0.968198 3.04192
vn 0.0656428 0.940647 0.332977
f 732/4864/1658 729/4865/1660 858/4866/2038

vt 1.12975 2.98244
vt 0.732407 2.48167
vt 1.87299 3.24624
vn 0.0759199 0.938233 0.337571
f 858/4867/2038 729/4868/1660 857/4869/2039

vt -2.27732 -0.636926
vn -0.556054 0.754267 -0.34912
vt -3.67196 0.664623
vn -0.557704 0.754472 -0.346033
vt -3.59001 -0.234007
f 729/4870/2040 718/4871/2041 857/4872/2041

vt -3.59965 -0.205824
vt -3.67439 0.693436
vt -4.96917 0.364737
vn -0.559347 0.754667 -0.342942
f 857/4873/2041 718/4874/2041 856/4875/2042

vt -4.99008 0.925539
vn -0.767726 0.50738 -0.391359
vt -3.67812 1.17701
vt -6.50396 2.95527
f 856/4876/2043 718/4877/1640 716/4878/1638

v 0.0787133 0.0425859 -0.137919
vt -6.24819 1.56061
vn -0.771366 0.502786 -0.39013
vt -4.98848 0.872531
vt -6.52778 2.88306
f 860/4879/2044 856/4880/2043 716/4881/1638

vt -4.58344 4.24601
vt -3.30379 3.53496
vt -4.41364 4.4452
vn -0.154198 -0.743678 -0.650512
f 855/4882/2021 856/4883/2023 860/4884/2045

vt -5.65686 5.65996
vn -0.13675 -0.730678 -0.668886
vt -4.30278 4.38726
vt -4.12376 4.57821
f 58/4885/2046 855/4886/2021 860/4887/2045

vt -5.66195 5.65434
vt -4.12813 4.57363
vn -0.137504 -0.730063 -0.669403
vt -5.4755 5.83815
f 58/4888/117 860/4889/2047 56/4890/115

vt -6.2384 1.65506
vt -6.49729 2.98172
vt -7.79143 2.65632
f 860/4891/2044 716/4892/1638 56/4893/113

vt -7.78093 2.71339
vt -6.48506 3.03187
vt -8.0944 3.83827
f 56/4894/113 716/4895/1638 55/4896/111

vt -8.19308 3.62023
vt -6.55792 2.86757
vt -8.23113 5.39973
vn -0.865174 0.309867 -0.394279
f 55/4897/111 716/4898/1638 714/4899/2048

vt -7.96878 4.02217
vt -7.91831 5.80137
vt -9.25383 6.13058
f 55/4900/111 714/4901/2048 52/4902/108

vt -9.29376 6.03616
vt -7.95679 5.71285
vt -9.02698 7.99044
f 52/4903/108 714/4904/2048 51/4905/107

vt -3.55531 0.474016
vn -0.584858 0.596155 -0.550037
vt -1.85115 0.724391
vt -3.13968 1.14571
f 718/4906/2049 721/4907/2049 719/4908/2049

vt 2.42052 9.82149
vn 0.248798 0.0257248 0.968214
vt 2.62271 8.98795
vt 3.42226 9.53206
f 391/4909/2050 672/4910/2050 390/4911/2050

vt 2.32106 8.78263
vt 2.68981 8.41806
vt 2.60636 9.2717
vn 0.905442 0.259366 0.336013
f 671/4912/1514 672/4913/1515 391/4914/2051

vt 2.47869 9.60281
vn 0.864319 0.298173 0.405025
vt 2.51077 8.57805
vt 2.77575 9.07843
f 392/4915/2052 671/4916/1514 391/4917/2051

vt 1.40348 8.57326
vn 0.868719 0.303438 0.391475
vt 2.49558 8.56535
vt 2.46807 9.59024
f 670/4918/2053 671/4919/1514 392/4920/2052

vt 2.47443 9.56342
vt 1.86204 10.4712
vt 1.41258 8.54358
f 392/4921/2052 395/4922/828 670/4923/2053

vt 2.49963 9.68245
vt 2.42881 10.9794
vn 0.855846 0.284684 0.431837
vt 1.87707 10.5833
f 392/4924/2052 394/4925/2054 395/4926/828

vt 2.50267 10.1457
vn 0.568616 0.230824 0.789554
vt 2.60989 11.6036
vt 2.26954 11.4235
f 392/4927/2055 393/4928/823 394/4929/824

vt 1.85564 10.4754
vt 0.810763 10.0075
vn 0.878163 0.286653 0.382961
vt 1.39768 8.54977
f 395/4930/828 399/4931/2056 670/4932/2053

vt 1.8288 12.1767
vt 0.795729 10.1926
vt 1.8438 10.6533
f 396/4933/827 399/4934/2056 395/4935/828

vt 0.206374 8.67785
vn 0.867605 0.300257 0.396367
vt 1.4117 8.57538
vt 0.818818 10.0307
f 400/4936/2057 670/4937/2053 399/4938/2056

vt 0.238727 9.46168
vn 0.892178 -0.0867739 0.44327
v 0.0239935 0.220412 0.00453575
vt 0.260388 8.7252
vn 0.899806 -0.146042 0.411122
vt 1.44441 9.36357
f 400/4939/2058 861/4940/2059 670/4941/2059

vt -0.133004 8.99971
vn 0.727238 -0.0915252 0.680256
vt 0.514885 8.71551
vt 0.512463 9.45231
f 401/4942/2060 861/4943/2060 400/4944/2060

vt 0.140725 7.47116
vn 0.367815 -0.632276 0.681865
v 0.000828683 0.214986 0.0119999
vt -0.195579 6.83012
vt 0.746604 7.10586
f 401/4945/2061 862/4946/2061 861/4947/2061

vt 0.0726645 9.93202
vn -0.380856 0.00184768 0.924632
vt 0.202567 8.46822
vn -0.362657 -0.0108986 0.931859
vt 0.729204 8.96489
vn -0.36444 -0.0110685 0.931161
f 402/4948/2062 862/4949/2063 401/4950/2064

vt 0.0709625 9.93191
v -0.0220544 0.218346 0.00318345
vt -0.764537 8.60043
vn -0.389001 0.0083096 0.9212
vt 0.200926 8.46812
f 402/4951/2062 863/4952/2065 862/4953/2063

vt 0.0977906 9.91199
v -0.0221478 0.250053 0.00218674
vt -0.756733 9.82887
vn -0.416631 0.0273372 0.908664
vt -0.737037 8.58008
f 402/4954/2062 864/4955/2066 863/4956/2065

vt -0.736723 8.68344
vn -0.411741 0.43012 0.803409
vt 0.116886 8.77548
vt -0.952805 11.7742
f 864/4957/2067 402/4958/2067 403/4959/2067

v -0.0220916 0.281259 -0.0186222
vt -1.10063 10.2261
vn -0.833503 0.312223 0.45584
vt -0.432754 8.90907
vn -0.813085 0.323987 0.483658
vt -1.2407 11.9002
vn -0.750985 0.361613 0.552502
f 865/4960/2068 864/4961/2069 403/4962/2070

vt -0.310247 9.20105
vt -1.04323 10.4829
vt -1.40143 8.64853
vn -0.874037 0.305076 0.378138
f 864/4963/2069 865/4964/2068 639/4965/2071

vt -1.01068 10.4194
v -0.0293317 0.283143 -0.0375814
vt -1.80935 10.497
vn -0.883338 0.247372 0.398148
vt -1.33318 8.57833
f 865/4966/2068 866/4967/2072 639/4968/2071

vt -1.80664 10.6821
vt -1.00786 10.6056
vt -1.86269 12.1978
vn -0.860438 0.247459 0.445433
f 866/4969/2072 865/4970/2068 406/4971/2073

vt -1.8334 11.8863
vn -0.739789 0.362841 0.566621
vt -1.1109 10.2298
vt -1.22758 11.9057
f 406/4972/2074 865/4973/2068 403/4974/2070

vt -2.67293 12.1608
vn -0.817125 0.247782 0.520492
vt -1.86832 10.7554
vt -1.85733 12.2721
f 407/4975/2075 866/4976/2072 406/4977/2073

v -0.0338246 0.290387 -0.0513572
vt -2.37581 11.2436
vn -0.895207 0.201077 0.39771
vt -1.80688 10.9553
vt -2.66052 12.3316
vn -0.915572 0.145263 0.375001
f 867/4978/2076 866/4979/2072 407/4980/2077

vt -2.39927 10.9683
v -0.0397435 0.257724 -0.0436981
vt -2.22846 9.63803
vn -0.88247 0.320979 0.34383
vt -1.83382 10.6733
f 867/4981/2076 868/4982/2078 866/4983/2072

vt -2.29166 11.1833
vn -0.587806 0.284132 0.757465
v -0.0497376 0.263532 -0.0536323
vt -2.84152 10.0805
vt -2.29089 9.84204
f 867/4984/2079 869/4985/2079 868/4986/2079

v -0.0444915 0.282426 -0.0542325
vt -2.38358 11.2063
vn -0.373883 0.17179 0.911427
vt -2.5691 10.4565
vn -0.344203 0.125126 0.93052
vt -1.95044 11.5222
vn -0.366723 0.208482 0.906669
f 870/4987/2080 869/4988/2081 867/4989/2082

vt -1.9452 11.2138
vn -0.0941598 0.0577139 0.993883
v -0.0873645 0.280591 -0.0581877
vt -3.64028 11.1414
vn -0.175613 0.118118 0.977348
vt -2.14859 10.4686
vn -0.115168 -0.0739112 0.990593
f 870/4990/2083 871/4991/2084 869/4992/2085

vt -2.07623 12.0066
vn -0.0854795 0.246527 0.965359
vt -3.65904 11.1505
vt -1.96409 11.2257
vn -0.0999711 0.273927 0.95654
f 412/4993/2086 871/4994/2084 870/4995/2087

vt -3.43633 12.5216
vn -0.120528 0.224626 0.966962
vt -3.59691 11.2244
vt -2.00752 12.0682
f 413/4996/2088 871/4997/2084 412/4998/2086

vt -3.65594 12.4322
vt -4.7657 12.3481
vn -0.241081 0.173453 0.954879
vt -3.78657 11.1317
f 413/4999/2088 416/5000/2089 871/5001/2084

vt -5.83732 11.2162
vt -3.98308 11.1002
vt -4.99196 12.292
f 632/5002/1442 871/5003/2084 416/5004/2089

vt -5.84612 11.1471
vt -4.37517 9.7689
vt -3.99183 11.0318
f 632/5005/1442 633/5006/1444 871/5007/2084

vt -3.74362 10.9076
vt -4.11815 9.64202
vt -2.25208 10.2345
f 871/5008/2084 633/5009/1444 869/5010/2085

vt -2.16357 9.73597
vt -4.02564 9.13102
vt -3.14198 8.5764
vn -0.0998021 -0.212136 0.972131
f 869/5011/2085 633/5012/1444 634/5013/2090

vt -2.47424 10.2771
vn -0.281625 -0.0556733 0.957908
vt -3.48111 9.14221
vt -2.39695 9.57878
f 869/5014/2091 634/5015/1450 636/5016/1450

vt -2.87973 10.3195
vn -0.73095 -0.104222 0.674426
vt -2.8334 9.61843
vt -2.32546 10.0896
f 869/5017/2092 636/5018/2092 868/5019/2092

vt -2.25418 8.04504
vt -2.05882 8.94282
vt -2.52995 8.43482
f 637/5020/1453 868/5021/2078 636/5022/1454

vt -2.46354 8.3747
vt -1.3657 8.37116
vt -2.21229 9.25847
f 637/5023/1453 639/5024/2071 868/5025/2078

vt -2.15688 9.46723
vt -1.29076 8.59899
vt -1.78864 10.5122
f 868/5026/2078 639/5027/2071 866/5028/2072

v -0.13615 0.310163 -0.0855897
vt -6.33131 11.6603
vn -0.551392 0.236822 0.799927
vt -5.93207 10.5628
vn -0.561523 0.274712 0.780529
vt -5.14346 11.6809
f 872/5029/2093 632/5030/2094 416/5031/864

vt -6.92603 11.0067
vn -0.607997 0.254285 0.752116
vt -5.8538 10.5346
vt -6.28692 11.6192
f 631/5032/2095 632/5033/2094 872/5034/2093

vt -7.5084 10.5587
vt -6.6472 9.69159
vn -0.691276 0.413516 0.592572
vt -6.04692 10.3422
vn -0.653344 0.443399 0.613627
f 630/5035/1437 631/5036/2096 872/5037/2097

vt -7.51591 10.3952
vt -6.05481 10.1761
vt -7.0932 10.7838
f 630/5038/1437 872/5039/2097 422/5040/871

vt -7.11151 10.6939
vt -6.07633 10.0808
vt -6.15195 10.5797
f 422/5041/871 872/5042/2097 419/5043/872

vt -6.3135 10.8993
vt -6.27195 10.3964
vt -5.62938 10.6654
vn -0.568688 0.466602 0.677404
f 419/5044/872 872/5045/2097 418/5046/2098

vt -6.33138 12.051
vt -5.14351 12.0709
vt -5.6778 12.292
f 872/5047/2093 416/5048/864 418/5049/863

vt -6.90218 9.7521
vt -7.55147 9.90691
vt -7.30607 9.34403
f 422/5050/871 423/5051/873 630/5052/1437

vt -2.64985 11.8882
vn -0.376888 0.249567 0.892004
vt -2.47598 11.1186
vt -2.0467 11.4397
f 412/5053/2099 870/5054/2080 867/5055/2082

vt -2.06122 12.4858
vn -0.350869 0.280854 0.893315
vt -2.57612 11.8203
vt -1.97868 11.3642
f 407/5056/2100 412/5057/2099 867/5058/2082

vt -2.39593 11.8364
vn -0.514006 0.424003 0.745667
vt -2.92776 11.9338
vt -2.85488 11.1311
f 407/5059/2101 409/5060/2101 412/5061/2101

vt -0.418667 9.83177
vn -0.827161 0.0152235 0.561758
vt -1.52116 9.30217
vt -0.38414 8.5833
f 864/5062/2102 639/5063/2102 863/5064/2102

vt -1.6739 8.55276
vt -0.267416 8.5835
vn -0.8797 -0.206565 0.428321
vt -1.39432 9.31813
f 640/5065/1459 863/5066/2103 639/5067/1459

vt -1.68591 6.90919
vn -0.663874 -0.668414 0.335401
v -0.0229061 0.211608 -0.0119307
vt -0.825907 6.59297
vt -0.279673 6.94963
f 640/5068/2104 873/5069/2104 863/5070/2104

v -0.0228377 0.210588 -0.0272425
vt -1.18201 4.30648
vn -0.456465 -0.887907 0.0571065
vt -0.584832 4.39812
vn -0.442759 -0.891623 0.0947284
vt -1.32744 4.9349
vn -0.434326 -0.898891 0.057937
f 874/5071/2105 873/5072/2106 640/5073/2107

vt -0.57181 4.74925
vt -1.1702 4.66587
v -0.0100384 0.204031 -0.0205571
vt -0.849949 4.12989
vn -0.446739 -0.887485 0.113112
f 873/5074/2106 874/5075/2105 875/5076/2108

vt -0.784461 7.64655
vn -0.547843 -0.258019 0.795798
vt -1.34877 7.91374
v -0.0176753 0.199766 -0.0271975
vt -1.18036 7.47273
f 875/5077/2109 874/5078/2109 876/5079/2109

vt -1.23429 7.30169
vn -0.865878 -0.411859 0.283949
vt -1.29931 7.76926
v -0.023984 0.208579 -0.0336517
vt -1.55314 7.68247
f 876/5080/2110 874/5081/2110 877/5082/2110

vt -1.37429 3.30422
vn -0.269682 -0.904059 0.331586
v -0.0341928 0.209253 -0.0401178
vt -2.04095 3.18124
vt -1.56851 3.11918
f 874/5083/2111 878/5084/2111 877/5085/2111

vt -2.06175 4.96098
vn -0.426071 -0.780929 0.456742
vt -1.38908 5.04513
vt -1.85996 5.48598
f 878/5086/2112 874/5087/2112 640/5088/2112

vt -2.04875 5.95745
vn -0.593395 -0.719745 0.360346
vt -1.74342 6.4298
vt -2.65577 6.36054
f 878/5089/2113 640/5090/2113 641/5091/2113

vt -3.80745 7.97887
vt -1.95604 8.25823
vn -0.498914 0.246334 0.830906
vt -2.62782 8.54049
f 642/5092/1463 878/5093/2114 641/5094/1464

vt -3.82433 7.75229
vt -2.27945 7.13214
vt -1.97467 8.04299
f 642/5095/1463 644/5096/1470 878/5097/2114

vt -3.52561 6.8593
vt -2.27862 7.12342
vt -3.82307 7.74465
f 643/5098/1468 644/5099/1470 642/5100/1463

vt -1.9708 8.05019
vt -2.27724 7.1399
v -0.0279787 0.202928 -0.0339956
vt -1.63654 7.78901
vn -0.482624 0.288165 0.827064
f 878/5101/2114 644/5102/1470 879/5103/2115

vt -1.61558 7.86234
vt -2.26273 7.21967
vt -1.13085 7.73302
vn -0.465737 0.257767 0.846549
f 879/5104/2115 644/5105/1470 876/5106/2116

vt -2.25209 7.29671
vt -1.56138 6.82151
vt -1.1174 7.80386
f 644/5107/1470 645/5108/1471 876/5109/2116

vt -0.985063 7.90137
vn -0.294342 0.140442 0.945325
vt -1.4618 6.93449
vn -0.297092 0.139136 0.944658
v -0.0106074 0.18245 -0.0224243
vt -0.663239 7.21295
f 876/5110/2117 645/5111/2118 880/5112/2117

vt -1.40721 6.82841
vt -0.673421 6.50426
vt -0.607983 7.10495
vn -0.227452 -0.0754358 0.970863
f 645/5113/1472 646/5114/1473 880/5115/2119

v 0.00513863 0.184532 -0.0222687
vt 0.205107 7.14362
vn -0.00853364 -0.0749127 0.997154
vt -0.414792 7.06124
vn 0.000426846 -0.0777149 0.996976
vt -0.467981 6.45934
vn -0.0116378 -0.0838538 0.99641
f 881/5116/2120 880/5117/2121 646/5118/2122

vt -0.419668 7.12111
vt 0.200267 7.20322
vt 0.0393582 7.80062
vn -0.00232428 -0.0570141 0.998371
f 880/5119/2121 881/5120/2120 662/5121/2123

vt 0.441134 7.28046
vn 0.232309 0.0354167 0.971997
vt 0.906754 7.85787
vn 0.253777 0.045013 0.966215
vt 0.277178 7.87702
vn 0.281689 0.0218562 0.959257
f 881/5122/2124 660/5123/2125 662/5124/2126

vt 1.45383 7.0018
vn 0.220749 0.0500853 0.974044
vt 0.85937 7.88185
vt 0.395249 7.30323
f 653/5125/2127 660/5126/2125 881/5127/2124

vt 1.61244 6.84727
vt 2.25078 7.2889
vt 1.05619 7.75196
vn 0.465713 0.238638 0.852152
f 653/5128/1488 654/5129/1487 660/5130/2128

vt 2.24984 7.29645
vt 1.52269 8.04002
vt 1.05503 7.75894
f 654/5131/1487 658/5132/1492 660/5133/2128

vt 1.37118 6.44444
vn 0.210719 0.0258059 0.977206
vt 1.44565 6.98646
vt 0.386915 7.28735
f 652/5134/2129 653/5135/2127 881/5136/2124

vt 1.3627 6.43699
vt 0.378208 7.27963
v 0.0116085 0.167427 -0.0232856
vt 0.635717 6.60606
vn 0.205523 0.0195656 0.978457
f 652/5137/2129 881/5138/2124 882/5139/2130

vt -0.495797 6.5039
vt 0.43256 6.51142
vn -0.0264484 -0.0692897 0.997246
vt 0.178993 7.18649
f 646/5140/2122 882/5141/2131 881/5142/2120

vt -0.492525 5.45839
vt 0.562696 5.02498
vt 0.435825 5.46679
vn 0.032589 -0.436251 0.899235
f 646/5143/1476 647/5144/1475 882/5145/2132

vt 1.26425 5.4283
vn 0.0856055 -0.420566 0.903214
vt 0.541489 5.61461
vt 0.690822 5.17987
f 652/5146/2133 882/5147/2132 647/5148/1475

vt 2.74992 3.70471
vn 0.217025 -0.707986 0.672054
vt 1.43924 4.07401
vt 0.901955 3.75487
f 649/5149/2134 652/5150/2134 647/5151/2134

vt -0.980411 7.90137
vt -0.659139 7.2127
vt -0.20884 7.89802
vn -0.291589 0.141747 0.945983
f 876/5152/2117 880/5153/2117 662/5154/2135

vt -0.619162 5.3729
vn -0.216803 -0.688787 0.691787
vt -0.984248 5.14125
vt -0.212683 5.13667
f 875/5155/2136 876/5156/2136 662/5157/2136

vt -0.423773 3.43548
vn -0.314088 -0.873729 0.371411
vt -0.824381 3.59025
vt -0.512816 3.23818
f 663/5158/2137 875/5159/2137 662/5160/2137

vt -0.382411 2.34629
vn -0.239387 -0.960737 0.140281
vt -0.89809 2.16324
vt -0.56519 1.89192
f 664/5161/2138 875/5162/2138 663/5163/2138

vt -0.363518 3.75362
vn -0.413207 -0.894725 0.16949
vt -0.776812 4.30781
vt -0.898774 3.6399
f 664/5164/2139 873/5165/2106 875/5166/2108

vt -0.472494 5.66514
vn -0.446291 -0.807719 0.385245
vt -0.944844 5.21518
vt -0.395582 4.79537
f 863/5167/2140 873/5168/2140 664/5169/2140

vt 0.271075 5.57988
vn -0.320768 -0.781922 0.534515
vt -0.680019 5.79212
vt -0.387188 4.96952
f 862/5170/2141 863/5171/2141 664/5172/2141

vt 0.3554 3.37093
vn 0.0238523 -0.895119 0.445188
vt 0.00730254 4.19732
vt -0.271072 3.34388
f 665/5173/2142 862/5174/2142 664/5175/2142

vt -0.285469 6.24639
vn 0.463641 -0.707817 0.532947
vt 0.443961 5.72483
vt 1.00978 6.07668
f 862/5176/2143 665/5177/2143 666/5178/2143

vt -0.265831 4.91457
vn 0.334256 -0.840557 0.426306
vt 1.02161 4.69328
vt 0.633186 5.30892
f 862/5179/2144 666/5180/2144 861/5181/2144

vt 0.249507 7.12941
vn 0.676377 -0.660381 0.326208
vt 0.826256 6.68528
vt 1.67837 6.97615
f 861/5182/2145 666/5183/2145 667/5184/2145

vt 0.199112 8.68645
vt 1.63135 8.56888
vn 0.90329 -0.204638 0.377082
vt 1.37695 9.33617
f 861/5185/2059 667/5186/2146 670/5187/2059

vt -1.46987 8.07946
vn -0.481877 0.290342 0.826738
vt -1.61383 7.84776
vt -1.1292 7.71808
f 877/5188/2147 879/5189/2115 876/5190/2116

vt -1.97126 8.0514
vn -0.495996 0.301071 0.81446
vt -1.63694 7.79028
vt -1.49558 8.02358
f 878/5191/2148 879/5192/2115 877/5193/2147

vt -7.03106 6.961
vt -7.05209 7.1668
vt -7.27468 6.89094
vn -0.195953 -0.714006 0.672159
f 425/5194/877 426/5195/877 423/5196/2149

vt -8.67042 14.2227
vt -10.2328 12.9388
vt -8.48727 12.621
f 621/5197/1410 624/5198/1420 625/5199/1425

vt 6.16 10.6913
vt 5.93635 12.3412
vt 5.89753 10.6978
f 256/5200/538 250/5201/1423 252/5202/536

vt -6.3499 14.6132
vt -7.44789 18.0639
vt -8.29184 15.3828
f 236/5203/505 237/5204/507 242/5205/519

v -0.146265 0.390346 -0.07506
vt -5.76911 15.6386
vn -0.775588 -0.2562 0.576909
vt -7.16957 15.1926
vt -5.83644 14.9876
f 883/5206/2150 235/5207/1408 590/5208/1406

vt -5.84649 15.5027
vt -5.79498 15.9333
vn -0.75872 -0.295243 0.580669
vt -7.24382 15.0469
f 883/5209/2150 234/5210/2151 235/5211/1408

vt -6.38125 14.9283
vn -0.578717 -0.275673 0.767523
vt -4.89755 15.063
vt -6.36623 15.3616
vn -0.564326 -0.393021 0.725996
f 883/5212/2152 587/5213/1272 234/5214/2153

vt -6.39626 14.546
vt -4.88885 15.3317
vt -6.37283 15.2001
f 590/5215/1270 587/5216/1272 883/5217/2152

vt -4.85066 14.3045
vt -4.86736 14.7873
vn -0.555958 -0.468564 0.686556
vt -6.31465 14.6254
f 587/5218/1272 233/5219/2154 234/5220/2153

vt -7.12162 11.2145
vn -0.573051 -0.573192 0.585716
vt -5.82309 11.713
vt -7.53557 11.2147
f 427/5221/2155 451/5222/1403 426/5223/1405

vt -4.1415 12.1941
vt -3.74708 13.1634
vn -0.15947 -0.42367 0.891669
vt -4.93262 13.2603
f 580/5224/1244 588/5225/2156 589/5226/1275

vt -2.13796 11.5512
vt -3.56207 12.4717
vt -3.88274 11.4757
f 581/5227/1243 588/5228/2156 580/5229/1244

vt -2.07345 11.9013
vt -2.90603 13.0808
vn -0.0597107 -0.391382 0.918289
vt -3.5114 12.8001
f 581/5230/1243 586/5231/2157 588/5232/2156

vt -1.95887 12.1395
vt -1.48646 12.4104
vn -0.032927 -0.372965 0.927261
vt -2.81864 13.2993
f 581/5233/1243 582/5234/2158 586/5235/2157

vt -2.28873 8.31452
vn -0.370208 -0.777796 0.507917
vt -1.96619 8.43543
vt -3.20681 9.62676
f 582/5236/2159 583/5237/1261 586/5238/1263

vt -3.3368 5.65746
vn -0.318472 -0.87523 0.364072
vt -3.11893 5.71282
vt -3.93707 6.54196
f 576/5239/2160 408/5240/2160 577/5241/2160

vt -3.40393 10.6622
vn -0.62839 -0.55596 0.544091
vt -3.30456 10.4495
vt -3.18145 10.6944
f 576/5242/2161 410/5243/849 408/5244/849

vt 3.00675 8.73376
vn 0.898903 -0.133955 -0.417168
vt 2.45624 9.06785
vt 2.34948 8.67268
f 559/5245/2162 556/5246/1181 557/5247/1181

vt 2.30843 8.59651
vn 0.864401 0.359137 -0.351896
vt 2.62413 8.26955
vt 2.96534 8.66137
f 557/5248/2163 558/5249/2163 559/5250/2163

vt 6.73794 11.6123
vn 0.72233 0.0327923 -0.69077
vt 5.73832 11.186
vt 7.26318 10.6057
f 437/5251/2164 439/5252/1195 341/5253/1195

vt -5.61151 12.541
vt -4.79522 12.7907
vt -5.61172 12.8591
vn -0.450963 -0.0852115 -0.888466
f 26/5254/1015 380/5255/1017 25/5256/2165

vt -4.03798 4.20366
vt -4.87735 4.56342
vn -0.132145 0.991161 -0.0117531
vt -4.24381 4.04383
f 381/5257/789 25/5258/2166 380/5259/790

vt -3.62084 4.35966
vt -4.24399 5.04818
vt -4.3989 4.83778
f 381/5260/789 22/5261/45 25/5262/2166

vt 5.66181 12.8564
vn 0.4484 0.0909529 0.889194
vt 4.73568 12.7882
vt 5.64883 12.5545
f 22/5263/2167 381/5264/805 387/5265/807

vt 5.52617 12.7238
vt 5.50448 12.4225
vn 0.739953 0.0359729 0.671696
vt 6.28406 12.7065
f 22/5266/43 387/5267/2168 21/5268/44

v 0.136612 0.321923 -0.0953662
vt 6.37615 12.672
vn 0.748827 0.00137599 0.662765
vt 6.24728 12.8337
vt 5.46745 12.5504
f 884/5269/2169 21/5270/44 387/5271/2168

v 0.145905 0.329591 -0.112861
vt 6.7755 12.4698
vn 0.857299 0.0586882 0.511462
vt 5.87006 12.3281
vt 5.99681 12.1648
vn 0.846769 0.142801 0.512435
f 885/5272/2170 21/5273/41 884/5274/2171

vt 6.20271 12.9807
vt 5.82735 12.7121
vt 6.73299 12.8524
f 16/5275/28 21/5276/41 885/5277/2170

vt 6.20924 13.013
vt 6.73953 12.8847
vt 6.64754 13.0165
f 16/5278/28 885/5279/2170 15/5280/29

vt 6.69471 13.0565
vt 6.78675 12.9248
vt 7.06175 12.9738
vn 0.853135 0.0189292 0.521347
f 15/5281/29 885/5282/2170 91/5283/2172

vt 7.24451 10.9672
vn 0.73406 0.420869 0.532941
vt 6.97045 10.9132
vn 0.684411 0.506738 0.524212
vt 7.93151 10.8059
vn 0.707514 0.497665 0.50175
f 91/5284/2173 885/5285/2174 86/5286/2175

vt 7.05367 9.13675
vn 0.655883 0.529733 0.537773
vt 7.88059 9.28119
vt 6.92085 9.39967
f 85/5287/2176 86/5288/2175 885/5289/2174

vt 7.1394 10.3631
vt 6.38183 10.0089
vn 0.629947 0.506688 0.588587
vt 7.28971 10.1098
f 885/5290/2174 884/5291/2177 85/5292/2176

vt 7.28298 10.3696
vt 6.37486 10.2708
vt 6.26451 9.74616
vn 0.626691 0.498322 0.59911
f 85/5293/2176 884/5294/2177 84/5295/2178

vt 6.47662 10.4265
vt 5.57068 10.2857
vn 0.600383 0.503649 0.621191
vt 6.38693 9.89794
f 884/5296/2177 387/5297/2179 84/5298/2178

vt -7.29949 4.45846
vn -0.193433 0.885289 -0.422902
vt -7.93114 4.14382
vt -7.49682 4.35062
f 91/5299/2180 86/5300/2180 90/5301/2180

v 0.149867 0.331615 -0.119076
vt 7.4138 13.1233
vn 0.782508 -0.152137 0.603768
vt 7.39781 13.0924
vt 7.61694 13.0419
vn 0.746881 -0.120976 0.65386
f 886/5302/2181 91/5303/2181 90/5304/2182

vt 6.80663 13.302
vn 0.814418 -0.182574 0.550808
vt 7.17335 13.2179
vt 7.18876 13.2491
f 15/5305/2183 91/5306/2181 886/5307/2181

vt 3.43699 0.0787553
vn 0.452688 0.88704 -0.0907391
vt 3.56837 -0.096255
vt 3.7806 0.0563641
f 886/5308/2184 90/5309/2184 32/5310/2184

vt 1.39259 -6.22371
vn 0.0781405 0.996089 -0.0412333
vt 1.71643 -6.34072
vt 1.63404 -6.1227
f 886/5311/2185 32/5312/2185 30/5313/2185

vt -1.91364 7.65608
vt -2.49528 8.06539
vt -2.14975 7.54421
f 22/5314/45 23/5315/47 25/5316/2166

vt -6.71244 13.0616
vt -7.08235 12.9925
vn -0.849234 0.00840392 0.527949
vt -6.77882 12.9491
f 427/5317/930 424/5318/2186 421/5319/869

vt -3.00659 10.2991
vt -3.63692 10.2653
vn -0.016434 0.511496 -0.859129
vt -2.80105 10.0834
f 37/5320/773 9/5321/2187 10/5322/773

vt 6.33438 15.2209
vt 4.92469 15.3724
vt 6.3515 14.5737
f 359/5323/744 353/5324/727 354/5325/729

vt 5.8671 15.01
vt 7.12913 15.1743
vt 5.80702 15.6546
f 354/5326/731 355/5327/732 359/5328/742

vt -1.16808 17.3925
vt 1.38968 17.5452
vt -0.0989273 18.9384
f 176/5329/370 158/5330/328 159/5331/330

vt -1.52994 16.59
vt -1.10586 17.4886
vn 0.0387528 0.062648 0.997283
vt -2.29462 17.1209
vn -0.010312 -0.00820952 0.999913
f 214/5332/443 176/5333/2188 178/5334/2189

vt -1.66316 16.3804
vt -2.42741 16.9119
vt -2.28528 16.3195
f 214/5335/443 178/5336/2189 179/5337/444

vt -2.59857 19.3662
vt -1.57156 17.3785
vt -1.42554 18.9123
f 161/5338/336 162/5339/337 173/5340/365

vt 8.0046 14.3284
v 0.185864 0.409745 -0.218231
vt 9.43602 15.3571
vn 0.988193 0.0993473 0.116636
vt 8.66341 16.2882
f 108/5341/208 887/5342/2190 132/5343/272

vt 7.9112 14.4763
v 0.188999 0.3839 -0.22552
vt 9.64291 14.4812
vn 0.992268 0.0581292 0.109656
vt 9.34412 15.5028
f 108/5344/208 888/5345/2191 887/5346/2190

vt 7.91006 14.9304
v 0.190276 0.349071 -0.228516
vt 9.76452 13.5636
vn 0.990805 0.00788939 0.13507
vt 9.64177 14.9353
f 108/5347/208 889/5348/2192 888/5349/2191

vt 8.11195 15.2092
vt 8.64743 13.2941
vt 9.96664 13.8427
f 108/5350/208 109/5351/210 889/5352/2192

vt 8.72264 13.1137
vt 10.0979 12.3312
vt 10.0419 13.6623
f 109/5353/210 110/5354/213 889/5355/2192

vt -5.58931 13.2925
vn 0.154839 0.062132 -0.985984
vt -5.60452 11.9604
vt -5.34225 11.9716
f 889/5356/2193 110/5357/214 111/5358/226

vt -6.2078 13.188
vt -5.96465 11.8663
v 0.183669 0.349023 -0.229419
vt -5.94527 13.1861
vn 0.123811 0.0796108 -0.989107
f 889/5359/2193 111/5360/226 890/5361/2194

vt -10.0348 13.6609
vn -0.990849 -0.00814592 -0.134728
vt -10.1063 12.3429
vt -8.73408 13.1252
f 890/5362/2195 111/5363/227 112/5364/230

vt -9.96282 13.8353
vt -8.66209 13.2996
vt -8.11811 15.1951
f 890/5365/2195 112/5366/230 113/5367/233

v 0.182379 0.383544 -0.226238
vt -9.63951 14.9278
vn -0.9923 -0.0583015 -0.109275
vt -9.76954 13.5683
vt -7.92506 14.9284
f 891/5368/2196 890/5369/2195 113/5370/233

vt -6.48933 14.1335
vn 0.118264 0.0924441 -0.98867
vt -6.26483 12.7542
vt -6.22715 14.1194
vn 0.102275 0.0950592 -0.990204
f 888/5371/2197 890/5372/2194 891/5373/2198

vt -6.17647 14.173
vt -6.21039 12.7962
vt -5.94785 12.7943
f 888/5374/2197 889/5375/2193 890/5376/2194

vt -6.49345 12.8977
vn 0.085884 0.280702 -0.955945
vt -6.58987 11.8377
vn 0.0885762 0.280304 -0.955816
vt -6.32772 11.8231
f 887/5377/2199 888/5378/2200 891/5379/2199

vt -6.54514 12.8969
vt -6.38111 11.822
v 0.179273 0.409086 -0.218999
vt -6.284 12.8699
vn 0.0831912 0.281097 -0.956067
f 887/5380/2199 891/5381/2199 892/5382/2201

vt -9.3427 15.4978
vn -0.988232 -0.0995971 -0.116095
vt -9.63939 14.4882
vt -7.92495 14.4887
f 892/5383/2202 891/5384/2196 113/5385/233

vt -8.66827 16.2789
vt -9.43008 15.3575
vt -8.01379 14.3463
f 130/5386/266 892/5387/2202 113/5388/233

vt -6.7646 8.02075
vt -6.66764 6.79001
vn 0.0303901 0.634472 -0.772348
vt -6.50619 7.97465
f 132/5389/269 892/5390/2203 130/5391/270

vt -6.84818 8.05497
vt -7.01965 6.85723
vn 0.0264032 0.634699 -0.772308
vt -6.75927 6.82362
f 132/5392/269 887/5393/2204 892/5394/2203

